pitch_type,game_date,release_speed,release_spin_rate,release_extension,pfx_x,pfx_z,game_pk,inning,inning_topbot,at_bat_number,pitch_number,game_type,n_thruorder_pitcher,pitcher_days_since_prev_game,p_throws,stand,player_name
FF,2024-04-02,95.59774082158076,2443.5984435068876,6.215013245283357,-0.5368267483453852,1.220638023258736,900000,1,Top,1,1,R,1,,R,R,"Demonstration, Synthetic"
SL,2024-04-02,85.45448753687691,2625.9853247370233,6.453938263822885,0.42862416173631446,0.29425093410802516,900000,1,Top,1,2,R,1,,R,L,"Demonstration, Synthetic"
SI,2024-04-02,93.97326968638356,2236.646558738604,6.417224650996591,-1.153639225391541,0.7760654186127515,900000,1,Top,1,3,R,1,,R,R,"Demonstration, Synthetic"
CH,2024-04-02,87.67062772651849,1811.3802528797085,6.307640583274895,-0.7860394273187178,0.5513111287314066,900000,1,Top,1,4,R,1,,R,R,"Demonstration, Synthetic"
FF,2024-04-02,95.72205786759486,2434.4418842142536,6.367599734717741,-0.3684487454855738,1.3501066747548747,900000,1,Top,2,1,R,1,,R,L,"Demonstration, Synthetic"
SL,2024-04-02,85.32892482709595,2695.1146879292714,6.2758739246875574,0.42661141181065393,0.16739883114662146,900000,1,Top,2,2,R,1,,R,R,"Demonstration, Synthetic"
SI,2024-04-02,93.6485276038362,2235.5555246885797,6.3750811077960154,-0.9997124059263371,0.8698038535015071,900000,1,Top,2,3,R,1,,R,R,"Demonstration, Synthetic"
CH,2024-04-02,86.6126233480648,1876.9366131629397,6.371416916987506,-0.8487764657186196,0.525078564389219,900000,1,Top,2,4,R,1,,R,L,"Demonstration, Synthetic"
SL,2024-04-02,85.71138887518958,2590.848592382935,6.337309213036905,0.38786077483045134,0.1495190233177386,900000,1,Top,3,1,R,1,,R,R,"Demonstration, Synthetic"
SL,2024-04-02,85.69853733312281,2596.504134196809,6.428619160881844,0.4200422640876509,0.17890337401497852,900000,1,Top,3,2,R,1,,R,L,"Demonstration, Synthetic"
FF,2024-04-02,95.24173995678812,2402.860305805176,6.4170791362989075,-0.5041756306852216,1.3558943807724546,900000,1,Top,3,3,R,1,,R,L,"Demonstration, Synthetic"
CH,2024-04-02,87.32170746900972,1839.818536652224,6.385685776118566,-0.8272990088204468,0.4764636541739652,900000,1,Top,3,4,R,1,,R,R,"Demonstration, Synthetic"
SL,2024-04-02,85.71280153733107,2611.2182146519376,6.340508933911209,0.46714956837615257,0.3283601045024095,900000,1,Top,4,1,R,1,,R,R,"Demonstration, Synthetic"
SL,2024-04-02,85.8418086532774,2573.289729995807,6.472860479359679,0.4609940662333144,0.17653185809676997,900000,1,Top,4,2,R,1,,R,L,"Demonstration, Synthetic"
FF,2024-04-02,95.54983634044018,2557.310315595031,6.31934501430912,-0.36231334246546787,1.2335772590773908,900000,1,Top,4,3,R,1,,R,L,"Demonstration, Synthetic"
FF,2024-04-02,95.63354706679019,2491.816241654788,6.336924568118039,-0.429745527072064,1.384448911678823,900000,2,Top,4,4,R,1,,R,L,"Demonstration, Synthetic"
FF,2024-04-02,95.61262072988937,2491.856021562996,6.28254157837657,-0.5231287836254177,1.247310857984275,900000,2,Top,5,1,R,1,,R,R,"Demonstration, Synthetic"
CH,2024-04-02,87.65070867926114,1909.533665253141,6.311266445333313,-0.8196603856617177,0.6101654695182763,900000,2,Top,5,2,R,1,,R,R,"Demonstration, Synthetic"
SL,2024-04-02,85.30195310921388,2686.9308769837785,6.33209129464956,0.4645498074762733,0.2605944015072227,900000,2,Top,5,3,R,1,,R,L,"Demonstration, Synthetic"
SL,2024-04-02,86.84439310083211,2605.881835805812,6.500147568902533,0.3988053989664708,0.23275699830704943,900000,2,Top,5,4,R,1,,R,L,"Demonstration, Synthetic"
FF,2024-04-02,96.21481530084218,2411.6040440923734,6.291673292980511,-0.4892487864040678,1.1711626582156807,900000,2,Top,6,1,R,1,,R,R,"Demonstration, Synthetic"
FF,2024-04-02,96.69730570390007,2380.9430632291283,6.307644845810714,-0.5026116466900553,1.2943442467448467,900000,2,Top,6,2,R,1,,R,R,"Demonstration, Synthetic"
SI,2024-04-02,93.51804272380429,2154.6420590495854,6.2622571537236285,-0.9397851883007212,0.9243040301544244,900000,2,Top,6,3,R,1,,R,L,"Demonstration, Synthetic"
FF,2024-04-02,96.46578043213052,2426.063817808778,6.271051433725741,-0.4647166707565266,1.3466402545637046,900000,2,Top,6,4,R,1,,R,L,"Demonstration, Synthetic"
SL,2024-04-02,84.97605557479824,2575.5498553700436,6.330946100482026,0.4340167505994627,0.26393019337757534,900000,2,Top,7,1,R,1,,R,L,"Demonstration, Synthetic"
SL,2024-04-02,85.71061164009669,2630.650003965434,6.378140512671936,0.45318932085467206,0.25000506358548485,900000,2,Top,7,2,R,1,,R,R,"Demonstration, Synthetic"
SL,2024-04-02,86.98676581718293,2620.572127008765,6.517453464714447,0.5444012941485146,0.27315079315339,900000,2,Top,7,3,R,1,,R,L,"Demonstration, Synthetic"
FF,2024-04-02,95.76212519088645,2377.693254321078,6.388411472271328,-0.5546751592184516,1.355646308893491,900000,2,Top,7,4,R,1,,R,R,"Demonstration, Synthetic"
CH,2024-04-02,87.76258982090695,1777.822005513059,6.354197343868499,-0.8175302711482133,0.5437907039160423,900000,2,Top,8,1,R,1,,R,R,"Demonstration, Synthetic"
CH,2024-04-02,86.40400951116881,1859.9165632866604,6.331051978839225,-0.7894092547176532,0.567759639381226,900000,2,Top,8,2,R,1,,R,L,"Demonstration, Synthetic"
SL,2024-04-02,86.46513366561463,2485.813084138892,6.227291087606709,0.5018296808218913,0.23028848661262635,900000,3,Top,8,3,R,1,,R,L,"Demonstration, Synthetic"
FF,2024-04-02,96.26002696827132,2381.5615968042434,6.396612419359016,-0.3460613036754034,1.3706447133386617,900000,3,Top,8,4,R,1,,R,R,"Demonstration, Synthetic"
SI,2024-04-02,94.53343988767841,2363.3557442009064,6.3262743237172225,-1.0460072510484477,0.7081545706019834,900000,3,Top,9,1,R,1,,R,R,"Demonstration, Synthetic"
FF,2024-04-02,95.54449305521335,2373.4102644975337,6.443699767477385,-0.4049478606761244,1.4092387694588082,900000,3,Top,9,2,R,1,,R,L,"Demonstration, Synthetic"
FF,2024-04-02,95.07344211037031,2347.8173833825394,6.308537612610698,-0.3593262940033967,1.3382520286538617,900000,3,Top,9,3,R,1,,R,R,"Demonstration, Synthetic"
SL,2024-04-02,85.05205669111288,2534.108371181374,6.296308777808274,0.4687205682930746,0.3193187221664018,900000,3,Top,9,4,R,1,,R,R,"Demonstration, Synthetic"
SL,2024-04-02,85.67058167796746,2451.0661819411234,6.3831112228298155,0.5469725808990724,0.12620570339171544,900000,3,Top,10,1,R,2,,R,R,"Demonstration, Synthetic"
CH,2024-04-02,88.3444611058815,1888.408910981568,6.379468529016052,-0.7492049608493958,0.5157433803086924,900000,3,Top,10,2,R,2,,R,R,"Demonstration, Synthetic"
FF,2024-04-02,95.7485179913112,2519.4506511392874,6.3716274591425375,-0.5018007158843629,1.2911482791855788,900000,3,Top,10,3,R,2,,R,L,"Demonstration, Synthetic"
FF,2024-04-02,95.1279082434662,2474.9206011829774,6.339999277574433,-0.36111266714046164,1.2553847062712462,900000,3,Top,10,4,R,2,,R,R,"Demonstration, Synthetic"
SI,2024-04-02,94.14149006948495,2263.1499024690274,6.456316847234959,-0.9985923610460085,0.8005092040134038,900000,3,Top,11,1,R,2,,R,L,"Demonstration, Synthetic"
FF,2024-04-02,94.6743148626239,2601.2974515224955,6.478340348921371,-0.4774619658574095,1.306472826660582,900000,3,Top,11,2,R,2,,R,L,"Demonstration, Synthetic"
FF,2024-04-02,94.86739215299878,2345.85312983117,6.2864690967979655,-0.4236218036389804,1.3314512705687662,900000,3,Top,11,3,R,2,,R,R,"Demonstration, Synthetic"
SI,2024-04-02,94.16209528380321,2158.1702175469964,6.312257917308933,-1.0224368536970034,0.7921172175732762,900000,3,Top,11,4,R,2,,R,R,"Demonstration, Synthetic"
FF,2024-04-02,96.00086944379623,2406.9456276592637,6.368336909929205,-0.418196117663912,1.2577196042278072,900000,3,Top,12,1,R,2,,R,L,"Demonstration, Synthetic"
SL,2024-04-02,85.44700980014802,2612.7904462827023,6.391693380458569,0.43404967248507725,0.2429474699603122,900000,4,Top,12,2,R,2,,R,L,"Demonstration, Synthetic"
FF,2024-04-02,94.92455657204327,2320.45107588148,6.163310710412135,-0.4906958664093106,1.3449660339836644,900000,4,Top,12,3,R,2,,R,R,"Demonstration, Synthetic"
SL,2024-04-02,86.27329490630432,2612.85635532622,6.344468965221909,0.5312151533741638,0.25552759950604653,900000,4,Top,12,4,R,2,,R,R,"Demonstration, Synthetic"
SL,2024-04-02,85.20970131302367,2561.363977107082,6.321358664954046,0.4982151011627161,0.35324618986995904,900000,4,Top,13,1,R,2,,R,R,"Demonstration, Synthetic"
FF,2024-04-02,95.86386016527817,2475.5337854368945,6.339513067944981,-0.5598543495508518,1.3556978194941092,900000,4,Top,13,2,R,2,,R,L,"Demonstration, Synthetic"
SL,2024-04-02,85.3219495900058,2565.296484505719,6.384231235255593,0.4386453395438157,0.26971972013694884,900000,4,Top,13,3,R,2,,R,L,"Demonstration, Synthetic"
SL,2024-04-02,84.92711381072988,2685.843007609331,6.435377793325758,0.43011070967416476,0.3168755466746426,900000,4,Top,13,4,R,2,,R,L,"Demonstration, Synthetic"
FF,2024-04-02,96.57249159167645,2441.4760605367824,6.5161584423243,-0.4458371318920333,1.3096114355990245,900000,4,Top,14,1,R,2,,R,L,"Demonstration, Synthetic"
FF,2024-04-02,95.62359139579797,2395.0320328701223,6.375112656916604,-0.5000021283569643,1.2046259504014618,900000,4,Top,14,2,R,2,,R,R,"Demonstration, Synthetic"
SL,2024-04-02,85.49527360122443,2527.3700326556755,6.504978492994361,0.5163596021944379,0.19227453301950237,900000,4,Top,14,3,R,2,,R,R,"Demonstration, Synthetic"
FF,2024-04-02,95.72496187453521,2423.539914637229,6.399533689358031,-0.4703555090330409,1.3638310919640615,900000,4,Top,14,4,R,2,,R,L,"Demonstration, Synthetic"
FF,2024-04-02,95.74308383927595,2450.4120390535472,6.4646571605284935,-0.4445087893096075,1.3348466257197877,900000,4,Top,15,1,R,2,,R,R,"Demonstration, Synthetic"
FF,2024-04-02,95.84255021511545,2438.923507224327,6.281877024865138,-0.41006488582119427,1.3651172202667547,900000,4,Top,15,2,R,2,,R,L,"Demonstration, Synthetic"
SL,2024-04-02,85.48784249615355,2581.39383231888,6.424843770037212,0.3401156349470926,0.22986355791288124,900000,4,Top,15,3,R,2,,R,R,"Demonstration, Synthetic"
SL,2024-04-02,86.06569435416223,2502.8210460352316,6.292441581337217,0.3598497926375462,0.07212826972950093,900000,4,Top,15,4,R,2,,R,R,"Demonstration, Synthetic"
SL,2024-04-02,85.36741086551207,2757.326975796081,6.387206416760024,0.3563424988203334,0.23216059823814186,900000,5,Top,16,1,R,2,,R,R,"Demonstration, Synthetic"
SL,2024-04-02,85.80143527140913,2594.4034576316317,6.40346608144864,0.40869766306615446,0.3038689245046329,900000,5,Top,16,2,R,2,,R,R,"Demonstration, Synthetic"
FF,2024-04-02,96.27718204424954,2386.940281222658,6.334692481064395,-0.36577071647600656,1.273447857286469,900000,5,Top,16,3,R,2,,R,L,"Demonstration, Synthetic"
SI,2024-04-02,94.88707021321738,2258.5465780923546,6.321058361804466,-1.1064673257554976,0.7230861475182987,900000,5,Top,16,4,R,2,,R,L,"Demonstration, Synthetic"
FF,2024-04-02,95.3773953303593,2348.2256603082665,6.4418250128586845,-0.5936556182940282,1.25280605349375,900000,5,Top,17,1,R,2,,R,L,"Demonstration, Synthetic"
FF,2024-04-02,95.54997678259994,2396.295084686343,6.329729794484159,-0.45955109228280366,1.3122032944371966,900000,5,Top,17,2,R,2,,R,L,"Demonstration, Synthetic"
SL,2024-04-02,85.82082377289075,2645.9452266584385,6.3945226754201006,0.4677850800485196,0.37210439816386404,900000,5,Top,17,3,R,2,,R,R,"Demonstration, Synthetic"
SI,2024-04-02,93.60851948093847,2227.4395908082524,6.247942256991913,-1.1018578387938553,0.7447091771008757,900000,5,Top,17,4,R,2,,R,R,"Demonstration, Synthetic"
SI,2024-04-02,94.50409415354541,2248.1242338058905,6.404153013784075,-1.0566388984453212,0.7087250313201173,900000,5,Top,18,1,R,2,,R,L,"Demonstration, Synthetic"
SL,2024-04-02,85.53737503994331,2608.018283186597,6.36346286496595,0.3941283128107348,0.2603406035702466,900000,5,Top,18,2,R,2,,R,R,"Demonstration, Synthetic"
SL,2024-04-02,85.4267972423504,2681.252096500791,6.369076347027126,0.30288468205200747,0.17921914038408002,900000,5,Top,18,3,R,2,,R,R,"Demonstration, Synthetic"
SI,2024-04-02,94.93470789757487,2167.311353607254,6.243370822445655,-1.0928978042451116,0.7588769020985958,900000,5,Top,18,4,R,2,,R,R,"Demonstration, Synthetic"
SI,2024-04-02,94.81822901120613,2154.9456696849065,6.202859268145659,-1.1180441524107498,0.7182836036123498,900000,5,Top,19,1,R,3,,R,R,"Demonstration, Synthetic"
FF,2024-04-02,94.4900237741876,2484.619083703987,6.373732832232064,-0.480242333241339,1.3637268330164745,900000,5,Top,19,2,R,3,,R,R,"Demonstration, Synthetic"
FF,2024-04-02,95.66621027433756,2387.8200065983547,6.3658479491148965,-0.5460958390430886,1.3177220663956952,900000,5,Top,19,3,R,3,,R,L,"Demonstration, Synthetic"
FF,2024-04-02,95.4722401936365,2441.8929472532373,6.26297208765541,-0.5212880790156313,1.326449208188944,900000,6,Top,19,4,R,3,,R,L,"Demonstration, Synthetic"
FF,2024-04-02,95.00449240046235,2384.0915079094616,6.327568613917674,-0.42756519313928393,1.2446200439522832,900000,6,Top,20,1,R,3,,R,L,"Demonstration, Synthetic"
FF,2024-04-02,95.82807402992142,2386.725597434293,6.239253115799005,-0.5878368198557694,1.3766362197007138,900000,6,Top,20,2,R,3,,R,R,"Demonstration, Synthetic"
SL,2024-04-02,85.22297325424178,2556.8574977457934,6.297102164012746,0.4310445695386646,0.1789967174846891,900000,6,Top,20,3,R,3,,R,L,"Demonstration, Synthetic"
FF,2024-04-02,95.42561999402936,2450.2929793935955,6.481714798555672,-0.43149238005377644,1.2561004902758897,900000,6,Top,20,4,R,3,,R,L,"Demonstration, Synthetic"
FF,2024-04-02,94.43803016066484,2453.5916898529563,6.176546271559422,-0.43131655782136186,1.2510921630322316,900000,6,Top,21,1,R,3,,R,R,"Demonstration, Synthetic"
FF,2024-04-02,94.47621002788047,2399.6787723026778,6.359480733344223,-0.42138598417252626,1.220557165128113,900000,6,Top,21,2,R,3,,R,R,"Demonstration, Synthetic"
FF,2024-04-02,94.15186349121434,2487.213724394054,6.308594973881804,-0.49406538568755076,1.250339543680167,900000,6,Top,21,3,R,3,,R,R,"Demonstration, Synthetic"
SL,2024-04-02,85.49339764386808,2465.3326059589913,6.265682504306425,0.28540533949076596,0.2911406421964881,900000,6,Top,21,4,R,3,,R,R,"Demonstration, Synthetic"
SI,2024-04-02,93.96119335304671,2156.7981364376283,6.332948049804834,-0.8805838630389557,0.7563113159234962,900000,6,Top,22,1,R,3,,R,R,"Demonstration, Synthetic"
SL,2024-04-02,85.51804645941493,2562.5496845429434,6.402638000685215,0.40675062488176295,0.21722555162336227,900000,6,Top,22,2,R,3,,R,L,"Demonstration, Synthetic"
SL,2024-04-02,84.97576212610416,2623.402111876634,6.266018101776552,0.45624463343218796,0.2282543099992259,900000,6,Top,22,3,R,3,,R,L,"Demonstration, Synthetic"
FF,2024-04-02,94.37844572251433,2249.034476109762,6.1118715190091075,-0.4945883066621282,1.2068706330492445,900000,6,Top,22,4,R,3,,R,R,"Demonstration, Synthetic"
SL,2024-04-02,84.65721497708567,2641.542782957917,6.290443636702918,0.49909041728648096,0.1837424710331057,900000,6,Top,23,1,R,3,,R,L,"Demonstration, Synthetic"
FF,2024-04-02,94.98079821435638,2426.5056823528244,6.291408256656376,-0.393410181114626,1.1960353131575616,900000,6,Top,23,2,R,3,,R,L,"Demonstration, Synthetic"
FF,2024-04-02,93.87753614783885,2373.9051490663946,6.344859922821973,-0.45593714293307874,1.1949831831011604,900000,7,Top,23,3,R,3,,R,L,"Demonstration, Synthetic"
FF,2024-04-02,93.86761899166223,2458.3212257277046,6.213669084648378,-0.34657926799678024,1.2714552189751578,900000,7,Top,23,4,R,3,,R,R,"Demonstration, Synthetic"
SL,2024-04-02,85.27895614684272,2489.489540256795,6.289661946474835,0.4665443291318476,0.22963974054429287,900000,7,Top,24,1,R,3,,R,R,"Demonstration, Synthetic"
SI,2024-04-02,93.65936953814916,2190.0777405188323,6.152910240448658,-1.1451461133204515,0.7817547238590903,900000,7,Top,24,2,R,3,,R,R,"Demonstration, Synthetic"
FF,2024-04-02,94.50754227689929,2310.8595037316327,6.354467058108042,-0.32450432865394113,1.280017854326087,900000,7,Top,24,3,R,3,,R,R,"Demonstration, Synthetic"
SI,2024-04-02,93.0643585049509,2116.546509596984,6.1962945675416945,-0.8844446609482028,0.8266601041243279,900000,7,Top,24,4,R,3,,R,L,"Demonstration, Synthetic"
FF,2024-04-02,94.68302623937481,2312.1447241424066,6.310403649936323,-0.3561200839773734,1.2835222685716767,900000,7,Top,25,1,R,3,,R,L,"Demonstration, Synthetic"
SL,2024-04-02,84.09787222055301,2597.9989084191934,6.2791896861928445,0.3970984824690525,0.1623595425415988,900000,7,Top,25,2,R,3,,R,R,"Demonstration, Synthetic"
FF,2024-04-02,94.41450800290666,2479.184697157571,6.378050009676212,-0.4291168091638905,1.2539278366138669,900000,7,Top,25,3,R,3,,R,R,"Demonstration, Synthetic"
FF,2024-04-08,95.99877318518567,2423.5486563297836,6.372309142771779,-0.5104735769774127,1.3434569606473736,900001,1,Top,1,1,R,1,5.0,R,R,"Demonstration, Synthetic"
SL,2024-04-08,86.01522181434248,2477.0234935347257,6.332322614577091,0.443794793185522,0.24832105260818693,900001,1,Top,1,2,R,1,5.0,R,R,"Demonstration, Synthetic"
SI,2024-04-08,93.95858871035617,2311.5972246401393,6.262534091369009,-1.0326649999698776,0.8246968427187867,900001,1,Top,1,3,R,1,5.0,R,R,"Demonstration, Synthetic"
CH,2024-04-08,87.62127744800647,1687.3895101296225,6.305381689000383,-0.8245033176352836,0.552314867378855,900001,1,Top,1,4,R,1,5.0,R,L,"Demonstration, Synthetic"
FF,2024-04-08,95.60722245440029,2518.2070746853215,6.388310043081637,-0.5421385241955672,1.3233815023192002,900001,1,Top,2,1,R,1,5.0,R,R,"Demonstration, Synthetic"
SL,2024-04-08,85.72247550120709,2590.416238155319,6.514823853641926,0.43647411304631406,0.17337901330178632,900001,1,Top,2,2,R,1,5.0,R,L,"Demonstration, Synthetic"
SI,2024-04-08,94.71171105895598,2180.0440619792803,6.394446567092009,-1.0873300620152555,0.8092443087027841,900001,1,Top,2,3,R,1,5.0,R,R,"Demonstration, Synthetic"
CH,2024-04-08,88.67558085674968,1943.3596141766138,6.199536125762075,-0.8190743929177078,0.4979796846205945,900001,1,Top,2,4,R,1,5.0,R,R,"Demonstration, Synthetic"
CH,2024-04-08,88.92457901744649,1812.855800752212,6.33642241628637,-0.7751724609685872,0.5360638402045459,900001,1,Top,3,1,R,1,5.0,R,L,"Demonstration, Synthetic"
FF,2024-04-08,96.58048269201119,2450.3910842283444,6.481791519808266,-0.43142279508545,1.335372813162136,900001,1,Top,3,2,R,1,5.0,R,L,"Demonstration, Synthetic"
FF,2024-04-08,96.43680002138878,2444.2880117429845,6.3669287786236035,-0.3968163624259229,1.329446002539629,900001,1,Top,3,3,R,1,5.0,R,L,"Demonstration, Synthetic"
CH,2024-04-08,88.1823388782764,1868.8083452022122,6.115552449931777,-0.7770268558168971,0.33109523048711303,900001,1,Top,3,4,R,1,5.0,R,L,"Demonstration, Synthetic"
SI,2024-04-08,93.96316926048138,2279.364959061164,6.293031836649685,-0.9677675406831521,0.7209581921056394,900001,1,Top,4,1,R,1,5.0,R,R,"Demonstration, Synthetic"
FF,2024-04-08,96.79723478622788,2449.8752095435375,6.360482169295473,-0.5101406388414481,1.2934163528983427,900001,1,Top,4,2,R,1,5.0,R,L,"Demonstration, Synthetic"
CH,2024-04-08,87.66488286982978,1761.2917926068983,6.423948620574994,-0.7979232875488848,0.5330322550511458,900001,1,Top,4,3,R,1,5.0,R,R,"Demonstration, Synthetic"
CH,2024-04-08,87.54127320518724,1864.5029311964008,6.2666729893902975,-0.7337192470758482,0.5252597876677162,900001,2,Top,4,4,R,1,5.0,R,R,"Demonstration, Synthetic"
SI,2024-04-08,93.78639175146533,2278.8478261099017,6.368358537237088,-1.0058650144542975,0.7724631871023758,900001,2,Top,5,1,R,1,5.0,R,L,"Demonstration, Synthetic"
SI,2024-04-08,94.37587759040274,2158.7225086241015,6.311376787302028,-0.9977666634348165,0.8387564706404538,900001,2,Top,5,2,R,1,5.0,R,L,"Demonstration, Synthetic"
FF,2024-04-08,96.19044075320119,2535.4625116478837,6.411345829742739,-0.4427293230420323,1.3078458512746927,900001,2,Top,5,3,R,1,5.0,R,L,"Demonstration, Synthetic"
FF,2024-04-08,95.82218800334734,2446.1466280083146,6.400712830218699,-0.44982040252800265,1.3204125986121003,900001,2,Top,5,4,R,1,5.0,R,R,"Demonstration, Synthetic"
SI,2024-04-08,94.70297952460858,2225.6353049116556,6.251214953047081,-0.9634617125288254,0.719955315374585,900001,2,Top,6,1,R,1,5.0,R,R,"Demonstration, Synthetic"
FF,2024-04-08,96.04617826790417,2382.07215887689,6.328091959556301,-0.4702099180584356,1.3371821179289487,900001,2,Top,6,2,R,1,5.0,R,R,"Demonstration, Synthetic"
SL,2024-04-08,86.31687971558962,2620.5431115918786,6.181363732657804,0.4281337048641323,0.11918739613063156,900001,2,Top,6,3,R,1,5.0,R,L,"Demonstration, Synthetic"
SL,2024-04-08,86.59119958345468,2599.6988568054176,6.366222003860189,0.419978335356186,0.2791096667527443,900001,2,Top,6,4,R,1,5.0,R,L,"Demonstration, Synthetic"
FF,2024-04-08,95.75340482887363,2449.9094776561824,6.4144542911394,-0.4093559178784619,1.2427124909721508,900001,2,Top,7,1,R,1,5.0,R,R,"Demonstration, Synthetic"
SI,2024-04-08,94.15521981509528,2295.4068124491478,6.2812635185139545,-1.0822597546141814,0.7825556677975176,900001,2,Top,7,2,R,1,5.0,R,R,"Demonstration, Synthetic"
FF,2024-04-08,95.9231821544179,2478.4382961602914,6.35877182036592,-0.303292191296465,1.217361060668778,900001,2,Top,7,3,R,1,5.0,R,L,"Demonstration, Synthetic"
CH,2024-04-08,88.07794207337489,1859.7397569091731,6.385578145455618,-0.8092211062617211,0.6372430108874475,900001,2,Top,7,4,R,1,5.0,R,R,"Demonstration, Synthetic"
FF,2024-04-08,95.99221418867593,2523.595247191651,6.264242995816782,-0.4226985767791488,1.386707557415592,900001,2,Top,8,1,R,1,5.0,R,L,"Demonstration, Synthetic"
SI,2024-04-08,94.41107460124344,2237.2024295842457,6.222576459222277,-1.1047726792031296,0.7636071627665482,900001,2,Top,8,2,R,1,5.0,R,L,"Demonstration, Synthetic"
SI,2024-04-08,95.21007915013836,2432.5987059799177,6.3695001984321316,-1.0590748588047827,0.7759556671035691,900001,3,Top,8,3,R,1,5.0,R,L,"Demonstration, Synthetic"
FF,2024-04-08,95.3500424382451,2457.175722164794,6.226509983798233,-0.4108053070031264,1.2833979945948573,900001,3,Top,8,4,R,1,5.0,R,R,"Demonstration, Synthetic"
SL,2024-04-08,86.10770976760122,2600.552865737005,6.297515605068722,0.523577577338937,0.3447511301788979,900001,3,Top,9,1,R,1,5.0,R,R,"Demonstration, Synthetic"
SL,2024-04-08,86.56358274682272,2663.288128237366,6.39912793416901,0.485900822824493,0.28117963440079013,900001,3,Top,9,2,R,1,5.0,R,L,"Demonstration, Synthetic"
SI,2024-04-08,94.13972733648852,2295.547005195873,6.454285205424647,-0.9995867902383482,0.8392438973811518,900001,3,Top,9,3,R,1,5.0,R,R,"Demonstration, Synthetic"
SL,2024-04-08,86.07011009762402,2525.10382531701,6.356319097307201,0.5180208287254021,0.22832377449979327,900001,3,Top,9,4,R,1,5.0,R,R,"Demonstration, Synthetic"
CH,2024-04-08,88.02262717903766,1785.7392352867505,6.290014932937238,-0.8141497617304913,0.5389494552090868,900001,3,Top,10,1,R,2,5.0,R,R,"Demonstration, Synthetic"
FF,2024-04-08,95.90406494206343,2565.1371807473993,6.182203923391189,-0.5036524411187686,1.2842155945326188,900001,3,Top,10,2,R,2,5.0,R,R,"Demonstration, Synthetic"
SI,2024-04-08,95.1395883146213,2339.810993569557,6.354936370724029,-1.0477663298147055,0.74467221313725,900001,3,Top,10,3,R,2,5.0,R,R,"Demonstration, Synthetic"
FF,2024-04-08,95.06039311761798,2561.721675198241,6.30654633351551,-0.4491283270837459,1.3414062654858407,900001,3,Top,10,4,R,2,5.0,R,L,"Demonstration, Synthetic"
SL,2024-04-08,86.51562886846186,2575.024015662763,6.364724626501725,0.5077594543492104,0.26635871580592774,900001,3,Top,11,1,R,2,5.0,R,R,"Demonstration, Synthetic"
SI,2024-04-08,94.5217782013907,2295.3580945350004,6.4678362857751655,-1.1970523277124052,0.6649389497904258,900001,3,Top,11,2,R,2,5.0,R,L,"Demonstration, Synthetic"
FF,2024-04-08,95.29761876401749,2426.388057908028,6.271187357415133,-0.5016505007114143,1.4474454455245536,900001,3,Top,11,3,R,2,5.0,R,R,"Demonstration, Synthetic"
FF,2024-04-08,95.46951715629817,2423.236287850498,6.197349566941979,-0.4570128111845114,1.2401288810053586,900001,3,Top,11,4,R,2,5.0,R,R,"Demonstration, Synthetic"
CH,2024-04-08,88.0924760806939,1745.986619812174,6.379296767822715,-0.7749516824754792,0.4707706609505778,900001,3,Top,12,1,R,2,5.0,R,R,"Demonstration, Synthetic"
FF,2024-04-08,96.01602851017181,2397.98623972088,6.239889000073764,-0.4689718622748713,1.321921824523826,900001,4,Top,12,2,R,2,5.0,R,L,"Demonstration, Synthetic"
SL,2024-04-08,86.50474024502209,2590.8357866661127,6.329467670688019,0.4950073087282167,0.3660276091112912,900001,4,Top,12,3,R,2,5.0,R,R,"Demonstration, Synthetic"
FF,2024-04-08,96.73389609258079,2370.1800077465377,6.2653375159329885,-0.5293524679975008,1.2708283521580572,900001,4,Top,12,4,R,2,5.0,R,L,"Demonstration, Synthetic"
CH,2024-04-08,87.69751309332078,1843.3442140702787,6.293013034846983,-0.8527705777195366,0.6868979726365637,900001,4,Top,13,1,R,2,5.0,R,L,"Demonstration, Synthetic"
FF,2024-04-08,95.93187586989924,2507.639338536308,6.2929156814903715,-0.6091025000951521,1.2173194433891281,900001,4,Top,13,2,R,2,5.0,R,L,"Demonstration, Synthetic"
FF,2024-04-08,96.65711380105174,2303.7640544331457,6.346445106583651,-0.3725661742607296,1.3246589546140526,900001,4,Top,13,3,R,2,5.0,R,R,"Demonstration, Synthetic"
SL,2024-04-08,86.37091790730423,2541.4416953052028,6.3038682166213045,0.48357242223697,0.28397126551449,900001,4,Top,13,4,R,2,5.0,R,L,"Demonstration, Synthetic"
CH,2024-04-08,88.06265773507084,1777.0200519023854,6.376160789503145,-0.8475515498274749,0.5515951204795659,900001,4,Top,14,1,R,2,5.0,R,L,"Demonstration, Synthetic"
FF,2024-04-08,96.63408587440361,2490.1823964532446,6.269896685379476,-0.34898482742771864,1.2681414097266572,900001,4,Top,14,2,R,2,5.0,R,L,"Demonstration, Synthetic"
SI,2024-04-08,93.65344058225658,2254.4191306933208,6.336274839182692,-1.1435629941183365,0.8080379541505663,900001,4,Top,14,3,R,2,5.0,R,R,"Demonstration, Synthetic"
SL,2024-04-08,85.67294714438472,2548.2007856957152,6.299721221589056,0.4964696822319223,0.24768770428939524,900001,4,Top,14,4,R,2,5.0,R,L,"Demonstration, Synthetic"
CH,2024-04-08,88.06789351316829,1818.6548888843101,6.413662240779538,-0.8268294594397968,0.547026469746905,900001,4,Top,15,1,R,2,5.0,R,L,"Demonstration, Synthetic"
FF,2024-04-08,96.33325459762617,2395.6562875350237,6.397484375592445,-0.35778206076494135,1.3869606880741783,900001,4,Top,15,2,R,2,5.0,R,L,"Demonstration, Synthetic"
SI,2024-04-08,94.53234562668354,2274.2484006982218,6.30202004407049,-0.952795781451837,0.7718218890205778,900001,4,Top,15,3,R,2,5.0,R,L,"Demonstration, Synthetic"
SL,2024-04-08,85.0543658294132,2677.5852071706645,6.413667092417581,0.4536281068870421,0.2650267780156456,900001,4,Top,15,4,R,2,5.0,R,L,"Demonstration, Synthetic"
SL,2024-04-08,86.41675089245057,2598.4898087947263,6.363576523611425,0.4236567653937037,0.22632562888783636,900001,5,Top,16,1,R,2,5.0,R,R,"Demonstration, Synthetic"
SL,2024-04-08,85.26483779790665,2616.746627359875,6.297086648615454,0.3805521220659947,0.1920789283114742,900001,5,Top,16,2,R,2,5.0,R,R,"Demonstration, Synthetic"
SI,2024-04-08,94.85098550851671,2111.9138599257494,6.327411792957046,-1.1973725105990727,0.6891648824398566,900001,5,Top,16,3,R,2,5.0,R,L,"Demonstration, Synthetic"
FF,2024-04-08,95.37073470128426,2264.230371752643,6.409365624126787,-0.48924683712860767,1.3205972412441367,900001,5,Top,16,4,R,2,5.0,R,L,"Demonstration, Synthetic"
CH,2024-04-08,88.1596363723674,1965.1546795824513,6.223695561669804,-0.7252151862023754,0.5020594691157181,900001,5,Top,17,1,R,2,5.0,R,R,"Demonstration, Synthetic"
CH,2024-04-08,88.07494468883444,1842.9538933348015,6.417397301834001,-0.7779439705901625,0.45158614614927645,900001,5,Top,17,2,R,2,5.0,R,L,"Demonstration, Synthetic"
SL,2024-04-08,85.39524738831605,2641.231878693667,6.4076234883265215,0.4630557260518372,0.2729682949276052,900001,5,Top,17,3,R,2,5.0,R,R,"Demonstration, Synthetic"
FF,2024-04-08,97.07029292801334,2464.8559306029033,6.317895635352761,-0.4940929658171097,1.314747783894828,900001,5,Top,17,4,R,2,5.0,R,L,"Demonstration, Synthetic"
FF,2024-04-08,96.83586039755178,2397.563499523497,6.358647477631042,-0.48952712288412453,1.342215818136776,900001,5,Top,18,1,R,2,5.0,R,R,"Demonstration, Synthetic"
SL,2024-04-08,85.22503158619733,2572.362705989341,6.358210176313374,0.5597372884639051,0.27517065973183863,900001,5,Top,18,2,R,2,5.0,R,R,"Demonstration, Synthetic"
FF,2024-04-08,95.52123298948561,2393.638156772164,6.297275477379338,-0.38935131353552604,1.1796274538074611,900001,5,Top,18,3,R,2,5.0,R,L,"Demonstration, Synthetic"
CH,2024-04-08,87.34018087805214,1811.3203758657335,6.4312904853479544,-0.7140619023896877,0.5998754315450044,900001,5,Top,18,4,R,2,5.0,R,R,"Demonstration, Synthetic"
FF,2024-04-08,94.78860487632491,2475.2928696192935,6.320556209298335,-0.42119793065800426,1.313344516429389,900001,5,Top,19,1,R,3,5.0,R,R,"Demonstration, Synthetic"
SL,2024-04-08,86.34563135170568,2602.1300420950797,6.09063560369738,0.4233936867097391,0.2359209383473629,900001,5,Top,19,2,R,3,5.0,R,L,"Demonstration, Synthetic"
CH,2024-04-08,87.31758250234506,1837.9218987851002,6.34441207509519,-0.8403894086377863,0.49967527857921945,900001,5,Top,19,3,R,3,5.0,R,R,"Demonstration, Synthetic"
FF,2024-04-08,94.53495037923928,2378.333741692731,6.46398540491159,-0.4050208532216101,1.2635700094409843,900001,6,Top,19,4,R,3,5.0,R,R,"Demonstration, Synthetic"
FF,2024-04-08,95.23562238271026,2319.3617371183923,6.296174438796125,-0.47004933689792905,1.237860915835265,900001,6,Top,20,1,R,3,5.0,R,R,"Demonstration, Synthetic"
SI,2024-04-08,94.00491362399548,2225.0339452567746,6.351055984886174,-1.0516109246355023,0.8669839104845729,900001,6,Top,20,2,R,3,5.0,R,R,"Demonstration, Synthetic"
SI,2024-04-08,93.56809884808506,2287.760926031594,6.485841888844477,-0.9652805830232809,0.7904183404093746,900001,6,Top,20,3,R,3,5.0,R,L,"Demonstration, Synthetic"
FF,2024-04-08,95.45258976118191,2389.0802997157857,6.417094902002711,-0.4277811469283148,1.2125533826117627,900001,6,Top,20,4,R,3,5.0,R,L,"Demonstration, Synthetic"
SI,2024-04-08,94.27097455008054,2260.4747985156614,6.2808257495873745,-1.0778093500278347,0.6779583941615533,900001,6,Top,21,1,R,3,5.0,R,R,"Demonstration, Synthetic"
CH,2024-04-08,87.52994097677428,1837.4016597504867,6.063550494052394,-0.8524390481816502,0.6018504390841901,900001,6,Top,21,2,R,3,5.0,R,L,"Demonstration, Synthetic"
SI,2024-04-08,94.53971370648098,2218.838459047695,6.285977787195625,-1.001727576210988,0.867496787512901,900001,6,Top,21,3,R,3,5.0,R,L,"Demonstration, Synthetic"
FF,2024-04-08,94.94087346941916,2372.8732346163415,6.335791859878123,-0.44245344805505227,1.2362453512997917,900001,6,Top,21,4,R,3,5.0,R,L,"Demonstration, Synthetic"
FF,2024-04-08,95.0986915055496,2382.7763570344405,6.435325471537977,-0.4140708346373624,1.315917634394967,900001,6,Top,22,1,R,3,5.0,R,R,"Demonstration, Synthetic"
FF,2024-04-08,95.4876406313319,2332.1056505318184,6.293220520160037,-0.5120636001050218,1.1747044980226404,900001,6,Top,22,2,R,3,5.0,R,L,"Demonstration, Synthetic"
FF,2024-04-08,95.5111561573684,2270.1045626589403,6.286426737046015,-0.5698748854402711,1.243054372379927,900001,6,Top,22,3,R,3,5.0,R,L,"Demonstration, Synthetic"
FF,2024-04-08,94.74160982570093,2518.639918764654,6.421468214443564,-0.4066212995192071,1.2864787844109855,900001,6,Top,22,4,R,3,5.0,R,R,"Demonstration, Synthetic"
SL,2024-04-08,85.03858164188003,2583.646330012722,6.352744686312656,0.3506098189868676,0.2602520783698923,900001,6,Top,23,1,R,3,5.0,R,L,"Demonstration, Synthetic"
FF,2024-04-08,94.54631580166908,2337.140949267513,6.19426389385106,-0.45357688449681866,1.1828006818777002,900001,6,Top,23,2,R,3,5.0,R,R,"Demonstration, Synthetic"
CH,2024-04-08,87.04802512234271,1734.6444428800964,6.232196406753519,-0.8049962044929109,0.6071788037324904,900001,7,Top,23,3,R,3,5.0,R,L,"Demonstration, Synthetic"
FF,2024-04-08,93.74968274823028,2358.237302834614,6.271549312828727,-0.3112491493317142,1.2533407903841605,900001,7,Top,23,4,R,3,5.0,R,L,"Demonstration, Synthetic"
FF,2024-04-08,93.76035106236141,2405.028344676743,6.137913881456718,-0.41785252253483124,1.2006874062861495,900001,7,Top,24,1,R,3,5.0,R,R,"Demonstration, Synthetic"
SL,2024-04-08,84.70848839486344,2534.7136646574604,6.0500259184295535,0.4157924677630253,0.227496952364137,900001,7,Top,24,2,R,3,5.0,R,R,"Demonstration, Synthetic"
CH,2024-04-08,87.47734863173761,1873.927137536933,6.096724506601851,-0.7260031051704645,0.5579116137105146,900001,7,Top,24,3,R,3,5.0,R,R,"Demonstration, Synthetic"
FF,2024-04-08,95.55733766031742,2425.3961837050274,6.18824577974865,-0.38362662436794875,1.136879138335199,900001,7,Top,24,4,R,3,5.0,R,R,"Demonstration, Synthetic"
FF,2024-04-08,94.95429792541229,2457.5639620371467,6.281456431097539,-0.43424748936001034,1.3181310194959612,900001,7,Top,25,1,R,3,5.0,R,R,"Demonstration, Synthetic"
FF,2024-04-08,94.77370710472536,2240.6520230083747,6.291640728509001,-0.5213434950141264,1.191019448835508,900001,7,Top,25,2,R,3,5.0,R,R,"Demonstration, Synthetic"
FF,2024-04-14,94.76618524050845,2424.9340512009944,6.381077936068123,-0.555588942461728,1.3451077879501274,900002,1,Top,1,1,R,1,5.0,R,R,"Demonstration, Synthetic"
SL,2024-04-14,85.46915244028995,2755.151866972305,6.493863016073845,0.5214833784174848,0.208227276905206,900002,1,Top,1,2,R,1,5.0,R,L,"Demonstration, Synthetic"
SI,2024-04-14,93.68306363471673,2250.1299581669805,6.342854367783941,-1.145883142516603,0.7581074071120849,900002,1,Top,1,3,R,1,5.0,R,L,"Demonstration, Synthetic"
CH,2024-04-14,87.99292553815816,1835.2177381781476,6.379162003039424,-0.8435609058620587,0.5331639731897162,900002,1,Top,1,4,R,1,5.0,R,L,"Demonstration, Synthetic"
FF,2024-04-14,96.10807223388393,2383.3483416944364,6.298839728729002,-0.4115871804402745,1.2677010278283052,900002,1,Top,2,1,R,1,5.0,R,L,"Demonstration, Synthetic"
SL,2024-04-14,85.26172080164454,2590.8092923606528,6.224197739999805,0.36708305811818204,0.21808735036343457,900002,1,Top,2,2,R,1,5.0,R,L,"Demonstration, Synthetic"
SI,2024-04-14,95.15824138800214,2276.663781019171,6.210982832389029,-1.037782009277412,0.6823228185896598,900002,1,Top,2,3,R,1,5.0,R,R,"Demonstration, Synthetic"
CH,2024-04-14,87.6321067800477,1859.1922657671353,6.5022325969819335,-0.8272062979021156,0.5655884714083306,900002,1,Top,2,4,R,1,5.0,R,L,"Demonstration, Synthetic"
SL,2024-04-14,84.42607677020301,2589.3430224982453,6.4012792575515975,0.44320989541626615,0.1892389689167103,900002,1,Top,3,1,R,1,5.0,R,R,"Demonstration, Synthetic"
FF,2024-04-14,95.80944999892164,2412.0607768075984,6.242929407094092,-0.3871610828355745,1.216138830212896,900002,1,Top,3,2,R,1,5.0,R,L,"Demonstration, Synthetic"
FF,2024-04-14,95.56528016038727,2574.9915026143276,6.274757582759903,-0.4817563384019936,1.3043965188751419,900002,1,Top,3,3,R,1,5.0,R,R,"Demonstration, Synthetic"
SL,2024-04-14,85.415530191331,2594.0933895743124,6.2346417011487985,0.41900935547035006,0.3048774432392108,900002,1,Top,3,4,R,1,5.0,R,L,"Demonstration, Synthetic"
FF,2024-04-14,95.57187845010056,2437.678891749947,6.318909345514654,-0.3613563801015199,1.3303949892514153,900002,1,Top,4,1,R,1,5.0,R,L,"Demonstration, Synthetic"
CH,2024-04-14,87.24147198572824,1893.6298207548905,6.375105521608569,-0.8295048451838082,0.6035713489793774,900002,1,Top,4,2,R,1,5.0,R,R,"Demonstration, Synthetic"
FF,2024-04-14,95.24692364477903,2409.768474081561,6.437935324443825,-0.41227222238338185,1.4025966372407244,900002,1,Top,4,3,R,1,5.0,R,R,"Demonstration, Synthetic"
SL,2024-04-14,84.95385409200061,2533.0033929243978,6.287791525780138,0.41219504938465984,0.18657070755170355,900002,2,Top,4,4,R,1,5.0,R,L,"Demonstration, Synthetic"
SL,2024-04-14,85.92265118437552,2590.6215153961834,6.276579717006599,0.6185741382057836,0.2229169329421363,900002,2,Top,5,1,R,1,5.0,R,R,"Demonstration, Synthetic"
FF,2024-04-14,96.05579057077486,2365.802823009708,6.373753269658889,-0.530808152926774,1.3126400126634772,900002,2,Top,5,2,R,1,5.0,R,R,"Demonstration, Synthetic"
FF,2024-04-14,95.56424098246357,2545.0530921257687,6.155089946940214,-0.5090049587195419,1.3412656678959924,900002,2,Top,5,3,R,1,5.0,R,L,"Demonstration, Synthetic"
CH,2024-04-14,87.66317535125965,1922.0960377469885,6.431241217318634,-0.8995001339349348,0.5495257290776059,900002,2,Top,5,4,R,1,5.0,R,L,"Demonstration, Synthetic"
FF,2024-04-14,95.36209515115407,2430.450301984962,6.323815565579598,-0.4588843442728653,1.2661917144744959,900002,2,Top,6,1,R,1,5.0,R,L,"Demonstration, Synthetic"
FF,2024-04-14,95.37230539781825,2447.4190916474463,6.31722808573056,-0.44445875770473253,1.1847450444462893,900002,2,Top,6,2,R,1,5.0,R,R,"Demonstration, Synthetic"
FF,2024-04-14,95.9795827116348,2449.9633986870076,6.19377475759614,-0.5684300321915379,1.3164282307194113,900002,2,Top,6,3,R,1,5.0,R,L,"Demonstration, Synthetic"
FF,2024-04-14,95.83732000762463,2461.0615013074757,6.424611107439289,-0.42096106236290837,1.284350292495725,900002,2,Top,6,4,R,1,5.0,R,R,"Demonstration, Synthetic"
SL,2024-04-14,85.82781828174177,2650.000353522413,6.279628605810599,0.49042766362006546,0.30163178247768674,900002,2,Top,7,1,R,1,5.0,R,R,"Demonstration, Synthetic"
SL,2024-04-14,85.87712082853831,2543.0528549251826,6.354592805715052,0.3829603438769235,0.2748769771016022,900002,2,Top,7,2,R,1,5.0,R,R,"Demonstration, Synthetic"
FF,2024-04-14,95.3942514111803,2455.717588261515,6.468262314857284,-0.5040415310227606,1.2647607542341732,900002,2,Top,7,3,R,1,5.0,R,L,"Demonstration, Synthetic"
SL,2024-04-14,84.88948780410205,2657.132011800558,6.186981719381222,0.45196171351519626,0.18290165096760735,900002,2,Top,7,4,R,1,5.0,R,L,"Demonstration, Synthetic"
FF,2024-04-14,95.62944561490627,2492.989582342961,6.326052967379862,-0.4096731410942138,1.3285076840408805,900002,2,Top,8,1,R,1,5.0,R,R,"Demonstration, Synthetic"
FF,2024-04-14,95.70725114171142,2439.0376360289706,6.238243035379909,-0.4106629163297171,1.2349233626538259,900002,2,Top,8,2,R,1,5.0,R,L,"Demonstration, Synthetic"
SI,2024-04-14,94.09390200883882,2316.5664245896664,6.333277419517806,-1.0092885629159984,0.7277533098322763,900002,3,Top,8,3,R,1,5.0,R,L,"Demonstration, Synthetic"
CH,2024-04-14,87.22265772879392,1906.6757338237644,6.254450761542043,-0.8638683647675703,0.4402962813135099,900002,3,Top,8,4,R,1,5.0,R,L,"Demonstration, Synthetic"
FF,2024-04-14,94.73790968944873,2567.5794452353803,6.407988373724495,-0.3646736190045866,1.2725914011556803,900002,3,Top,9,1,R,1,5.0,R,L,"Demonstration, Synthetic"
FF,2024-04-14,95.0079215738608,2319.4869516976964,6.365970801432921,-0.5436721753313328,1.3325714934686559,900002,3,Top,9,2,R,1,5.0,R,L,"Demonstration, Synthetic"
SI,2024-04-14,92.98353918356547,2199.0933089885143,6.328686917273986,-1.0848956360568964,0.6569388352591167,900002,3,Top,9,3,R,1,5.0,R,L,"Demonstration, Synthetic"
SL,2024-04-14,85.25223548928204,2570.7519251787976,6.435704363114369,0.48617621662531335,0.2421984363100906,900002,3,Top,9,4,R,1,5.0,R,R,"Demonstration, Synthetic"
FF,2024-04-14,95.58914496262297,2374.5407228348618,6.312413079320102,-0.42387249984255493,1.253173992721333,900002,3,Top,10,1,R,2,5.0,R,R,"Demonstration, Synthetic"
FF,2024-04-14,96.08977698167432,2485.8708201495338,6.106189394771779,-0.4869629415333675,1.3615208820554654,900002,3,Top,10,2,R,2,5.0,R,L,"Demonstration, Synthetic"
SL,2024-04-14,86.01134500222335,2504.69791113948,6.196279637556109,0.517739466057721,0.24669387405746265,900002,3,Top,10,3,R,2,5.0,R,L,"Demonstration, Synthetic"
FF,2024-04-14,95.93421834040156,2412.097520300325,6.408594224781027,-0.5531496680325628,1.27578447288884,900002,3,Top,10,4,R,2,5.0,R,R,"Demonstration, Synthetic"
FF,2024-04-14,96.28846021423826,2534.078147949859,6.347336420838644,-0.5197160643828053,1.2593635489594435,900002,3,Top,11,1,R,2,5.0,R,R,"Demonstration, Synthetic"
FF,2024-04-14,94.92903077965737,2367.149803868992,6.175570703300944,-0.4727805882508904,1.191828628214927,900002,3,Top,11,2,R,2,5.0,R,R,"Demonstration, Synthetic"
FF,2024-04-14,96.47889253275272,2390.908312240782,6.354512925373565,-0.4352777394602801,1.1934161022194623,900002,3,Top,11,3,R,2,5.0,R,R,"Demonstration, Synthetic"
SI,2024-04-14,94.45430040887808,2263.9946709461983,6.253784273127917,-1.0671819681519106,0.7148369016014665,900002,3,Top,11,4,R,2,5.0,R,R,"Demonstration, Synthetic"
CH,2024-04-14,87.40508779993603,1808.3681453293973,6.291248979408696,-0.7708943678901733,0.5643033024902455,900002,3,Top,12,1,R,2,5.0,R,L,"Demonstration, Synthetic"
SL,2024-04-14,85.40522980695864,2572.020208324973,6.325464216973924,0.4562814017932876,0.351795200978251,900002,4,Top,12,2,R,2,5.0,R,L,"Demonstration, Synthetic"
SL,2024-04-14,85.62272135993919,2650.040698048598,6.476006626208698,0.47932011146803843,0.26023750471238755,900002,4,Top,12,3,R,2,5.0,R,R,"Demonstration, Synthetic"
CH,2024-04-14,87.1411614721824,1852.018068031756,6.32680995076201,-0.7880971303624137,0.5039669758881616,900002,4,Top,12,4,R,2,5.0,R,L,"Demonstration, Synthetic"
FF,2024-04-14,95.78018540973365,2361.5841765565087,6.368532835538921,-0.39208977043628007,1.3052720582248436,900002,4,Top,13,1,R,2,5.0,R,L,"Demonstration, Synthetic"
FF,2024-04-14,95.26363576648723,2469.7494326664414,6.527132209263352,-0.4771170587912105,1.2600473373327739,900002,4,Top,13,2,R,2,5.0,R,R,"Demonstration, Synthetic"
CH,2024-04-14,88.05731580618006,1866.3705369941754,6.342464433971933,-0.8666558657129433,0.6213270468612325,900002,4,Top,13,3,R,2,5.0,R,L,"Demonstration, Synthetic"
FF,2024-04-14,95.83465298080523,2367.8047705233857,6.349184310749996,-0.35458687166269326,1.3095578670297785,900002,4,Top,13,4,R,2,5.0,R,R,"Demonstration, Synthetic"
SL,2024-04-14,85.74719966830497,2557.080492458571,6.3511744111911765,0.40260081876794385,0.25779579124996443,900002,4,Top,14,1,R,2,5.0,R,R,"Demonstration, Synthetic"
SL,2024-04-14,85.78970386581814,2513.324169282277,6.141848934795864,0.4623246316176756,0.22131501653477054,900002,4,Top,14,2,R,2,5.0,R,R,"Demonstration, Synthetic"
FF,2024-04-14,95.32791160019532,2417.924566404998,6.3590998522788915,-0.4057898081447969,1.2722466570205253,900002,4,Top,14,3,R,2,5.0,R,L,"Demonstration, Synthetic"
SI,2024-04-14,94.46129731092762,2185.4096379880784,6.402802999343226,-0.9350133073958754,0.7041936409613604,900002,4,Top,14,4,R,2,5.0,R,L,"Demonstration, Synthetic"
FF,2024-04-14,95.75743325243876,2385.3682179478174,6.358180532771793,-0.5173774229464279,1.3460120375997437,900002,4,Top,15,1,R,2,5.0,R,R,"Demonstration, Synthetic"
FF,2024-04-14,95.6943267943438,2525.3317228544984,6.396648650852619,-0.4795715861337336,1.191387200734791,900002,4,Top,15,2,R,2,5.0,R,R,"Demonstration, Synthetic"
SI,2024-04-14,94.84516301614737,2178.9618093285812,6.3718290014420615,-1.027218745163161,0.7314586580882251,900002,4,Top,15,3,R,2,5.0,R,L,"Demonstration, Synthetic"
FF,2024-04-14,95.77316333424133,2512.695794345557,6.334319656172398,-0.47052917344392287,1.2155851500638883,900002,4,Top,15,4,R,2,5.0,R,L,"Demonstration, Synthetic"
SL,2024-04-14,85.24308019103596,2582.9984764306837,6.247109597063297,0.44793150809792204,0.2532251537794301,900002,5,Top,16,1,R,2,5.0,R,L,"Demonstration, Synthetic"
CH,2024-04-14,87.70421843409942,1790.5168971338323,6.257706006688019,-0.7904931169700159,0.6113444335216284,900002,5,Top,16,2,R,2,5.0,R,R,"Demonstration, Synthetic"
SL,2024-04-14,85.2163448915089,2593.8064238440943,6.387425582632773,0.4617062383885733,0.287764240366132,900002,5,Top,16,3,R,2,5.0,R,R,"Demonstration, Synthetic"
FF,2024-04-14,95.89508082773267,2503.2196567725837,6.419665821629331,-0.49827159781348884,1.1915113571877554,900002,5,Top,16,4,R,2,5.0,R,R,"Demonstration, Synthetic"
FF,2024-04-14,95.13379688532447,2464.082817496297,6.409249943389585,-0.46615060986797363,1.2674563148408524,900002,5,Top,17,1,R,2,5.0,R,R,"Demonstration, Synthetic"
FF,2024-04-14,95.53589575201262,2376.7263354850525,6.376236394564311,-0.4189594179395561,1.3510342826741368,900002,5,Top,17,2,R,2,5.0,R,L,"Demonstration, Synthetic"
FF,2024-04-14,95.42252542954307,2474.0099560309964,6.35110273440429,-0.43520411185085783,1.3408923884549657,900002,5,Top,17,3,R,2,5.0,R,L,"Demonstration, Synthetic"
CH,2024-04-14,87.49491244785956,1847.274105188512,6.337758577208341,-0.7839291052112081,0.6793115184284241,900002,5,Top,17,4,R,2,5.0,R,R,"Demonstration, Synthetic"
FF,2024-04-14,95.35547116275717,2464.4487862431483,6.524527609533773,-0.4695323575038886,1.3103453533392027,900002,5,Top,18,1,R,2,5.0,R,R,"Demonstration, Synthetic"
FF,2024-04-14,95.67265619389717,2411.550892215686,6.360527586721886,-0.37067310903991585,1.2833820813644397,900002,5,Top,18,2,R,2,5.0,R,R,"Demonstration, Synthetic"
SL,2024-04-14,85.01907910191976,2765.95903197316,6.276958899020154,0.38902920512811956,0.30374416135140725,900002,5,Top,18,3,R,2,5.0,R,L,"Demonstration, Synthetic"
FF,2024-04-14,95.53354659980111,2437.4785609176715,6.262260472569278,-0.509494337168581,1.2988978384308958,900002,5,Top,18,4,R,2,5.0,R,L,"Demonstration, Synthetic"
FF,2024-04-14,95.46562296819333,2448.2146003513467,6.267991125832349,-0.4756223186871831,1.22698278851668,900002,5,Top,19,1,R,3,5.0,R,R,"Demonstration, Synthetic"
FF,2024-04-14,95.40247258368258,2461.6455407398103,6.373399470054309,-0.36886731473145296,1.4505589548943234,900002,5,Top,19,2,R,3,5.0,R,R,"Demonstration, Synthetic"
SL,2024-04-14,84.86803682524575,2536.6055222429877,6.236293340191703,0.4250908161566781,0.1731537770826357,900002,5,Top,19,3,R,3,5.0,R,R,"Demonstration, Synthetic"
SL,2024-04-14,85.49813990077583,2586.5603908928597,6.368240548274134,0.42003546379056705,0.37306860415802,900002,6,Top,19,4,R,3,5.0,R,R,"Demonstration, Synthetic"
FF,2024-04-14,94.1369888092561,2295.138491079388,6.318886770332105,-0.4491183134432001,1.2482344581260325,900002,6,Top,20,1,R,3,5.0,R,L,"Demonstration, Synthetic"
CH,2024-04-14,86.87551496977724,1866.0838868149992,6.235068408693518,-0.7821116700541828,0.5496004283791336,900002,6,Top,20,2,R,3,5.0,R,L,"Demonstration, Synthetic"
SL,2024-04-14,85.08515864441932,2567.28004351478,6.2474287670122655,0.4081778890847316,0.23413844838563225,900002,6,Top,20,3,R,3,5.0,R,L,"Demonstration, Synthetic"
SL,2024-04-14,85.02514333669637,2616.911452865787,6.273507504310771,0.4661793404120584,0.28105069498465124,900002,6,Top,20,4,R,3,5.0,R,L,"Demonstration, Synthetic"
FF,2024-04-14,95.42443974750562,2457.1755760028013,6.449765672537585,-0.49127496831956635,1.2698938925599508,900002,6,Top,21,1,R,3,5.0,R,R,"Demonstration, Synthetic"
FF,2024-04-14,94.04936048243854,2396.825218045387,6.3124143556823205,-0.48476133957287476,1.2723996088448577,900002,6,Top,21,2,R,3,5.0,R,R,"Demonstration, Synthetic"
CH,2024-04-14,87.32487257685656,1751.9222075201178,6.348842557705674,-0.6475681740149426,0.5520073718726508,900002,6,Top,21,3,R,3,5.0,R,L,"Demonstration, Synthetic"
FF,2024-04-14,95.43818837844066,2327.9585136236237,6.226121617605336,-0.5000366442881186,1.261254064727007,900002,6,Top,21,4,R,3,5.0,R,R,"Demonstration, Synthetic"
SI,2024-04-14,93.93653058846151,2136.7370770811863,6.233020511293455,-1.1027503490619703,0.7845056172539875,900002,6,Top,22,1,R,3,5.0,R,L,"Demonstration, Synthetic"
SL,2024-04-14,84.67701103289895,2528.8662896578367,6.290623645052058,0.5060803253930292,0.18010508150782056,900002,6,Top,22,2,R,3,5.0,R,R,"Demonstration, Synthetic"
FF,2024-04-14,95.04864760460013,2434.0844028931683,6.197903954223484,-0.41559027039258395,1.2729409889766448,900002,6,Top,22,3,R,3,5.0,R,R,"Demonstration, Synthetic"
SL,2024-04-14,84.61373620535457,2602.21008475808,6.301056410348262,0.42318120683281285,0.27025664378540626,900002,6,Top,22,4,R,3,5.0,R,L,"Demonstration, Synthetic"
CH,2024-04-14,86.28218847865163,1854.5493628679292,6.251061500091614,-0.7470179111116627,0.4653231648469714,900002,6,Top,23,1,R,3,5.0,R,L,"Demonstration, Synthetic"
SL,2024-04-14,83.4758159081595,2622.645564322375,6.182752930983055,0.5467913495133649,0.20810773241829733,900002,6,Top,23,2,R,3,5.0,R,R,"Demonstration, Synthetic"
FF,2024-04-14,94.91480167868916,2460.0910802401677,6.304656694017549,-0.4054764518272699,1.2726405548628708,900002,7,Top,23,3,R,3,5.0,R,R,"Demonstration, Synthetic"
CH,2024-04-14,86.3678673714236,1958.8329791561464,6.3157329212223114,-0.7001511539138069,0.6006020483921688,900002,7,Top,23,4,R,3,5.0,R,L,"Demonstration, Synthetic"
SI,2024-04-14,94.32523861373492,2250.321388937228,6.217499861100119,-1.0378140345840257,0.7011828570924028,900002,7,Top,24,1,R,3,5.0,R,L,"Demonstration, Synthetic"
SL,2024-04-14,84.64977449660236,2500.148651265366,6.304548644775992,0.40150668926964533,0.35562287101174656,900002,7,Top,24,2,R,3,5.0,R,R,"Demonstration, Synthetic"
SL,2024-04-14,85.23310575273821,2640.516888586969,6.294839324314685,0.5125970779142138,0.24250636100794404,900002,7,Top,24,3,R,3,5.0,R,R,"Demonstration, Synthetic"
SL,2024-04-14,85.0088217570733,2579.0116406872526,6.448750899695814,0.41361618347427354,0.26396789357119493,900002,7,Top,24,4,R,3,5.0,R,L,"Demonstration, Synthetic"
FF,2024-04-14,92.98840366656992,2438.316463261378,6.308836225491877,-0.5623784555173832,1.328136233856474,900002,7,Top,25,1,R,3,5.0,R,L,"Demonstration, Synthetic"
FF,2024-04-14,93.34522665680544,2426.5788112916794,6.285860350731293,-0.4305962063973685,1.2086275504305701,900002,7,Top,25,2,R,3,5.0,R,R,"Demonstration, Synthetic"
FF,2024-04-14,94.55218957480385,2538.883332982097,6.330014951324268,-0.3391822713688684,1.2248956996259552,900002,7,Top,25,3,R,3,5.0,R,L,"Demonstration, Synthetic"
SI,2024-04-14,92.40092605433422,2144.1419013546097,6.245890723960853,-1.038586184580139,0.8023217551105878,900002,7,Top,25,4,R,3,5.0,R,R,"Demonstration, Synthetic"
SI,2024-04-14,92.81655060276444,2196.1501403418574,6.273304502602199,-1.0667210748319391,0.579963481274966,900002,7,Top,26,1,R,3,5.0,R,R,"Demonstration, Synthetic"
SI,2024-04-14,93.55667143570899,2172.259366657689,6.380599878799916,-1.0540214155976326,0.6889640979030138,900002,7,Top,26,2,R,3,5.0,R,R,"Demonstration, Synthetic"
FF,2024-04-14,94.41774088174867,2513.1738040532414,6.221476963556056,-0.4784219778693075,1.2763544730029943,900002,7,Top,26,3,R,3,5.0,R,L,"Demonstration, Synthetic"
SL,2024-04-14,85.40302804676841,2528.5016371862803,6.221624215763226,0.2784450216856431,0.2662666788597481,900002,7,Top,26,4,R,3,5.0,R,R,"Demonstration, Synthetic"
CH,2024-04-14,86.81305232599694,1795.3710165884534,6.3107272465427755,-0.8460518927011625,0.4874091465027384,900002,7,Top,27,1,R,3,5.0,R,R,"Demonstration, Synthetic"
FF,2024-04-14,94.0753368087527,2300.884489602616,6.334847570435322,-0.4262397124585804,1.105909264091828,900002,8,Top,27,2,R,3,5.0,R,L,"Demonstration, Synthetic"
SL,2024-04-14,84.14644760811322,2431.9072877077206,6.149712857138643,0.3963953989752186,0.2239521466143644,900002,8,Top,27,3,R,3,5.0,R,R,"Demonstration, Synthetic"
FF,2024-04-20,95.78527545131314,2520.8928958457286,6.174596520735407,-0.48288437599468936,1.3739125080573582,900003,1,Top,1,1,R,1,5.0,R,L,"Demonstration, Synthetic"
SL,2024-04-20,86.07641336837865,2616.179383913877,6.4474180149960905,0.5051654205988192,0.34130202716421754,900003,1,Top,1,2,R,1,5.0,R,R,"Demonstration, Synthetic"
SI,2024-04-20,94.05517452799108,2308.841861097107,6.486541411233517,-1.0370277194206388,0.7982928339517428,900003,1,Top,1,3,R,1,5.0,R,L,"Demonstration, Synthetic"
CH,2024-04-20,88.5331528460679,1811.8764826902022,6.394419205942354,-0.9026883895838276,0.5370853326054308,900003,1,Top,1,4,R,1,5.0,R,R,"Demonstration, Synthetic"
FF,2024-04-20,96.75253918254222,2436.103203979753,6.404591400785023,-0.45420077152876803,1.277714935835076,900003,1,Top,2,1,R,1,5.0,R,L,"Demonstration, Synthetic"
SL,2024-04-20,86.10412945468704,2564.7710789852977,6.369574554038987,0.45873088832013575,0.2395019177971493,900003,1,Top,2,2,R,1,5.0,R,L,"Demonstration, Synthetic"
SI,2024-04-20,93.56535165666091,2193.4527642536696,6.399155209831398,-1.0121257003159712,0.778814469150706,900003,1,Top,2,3,R,1,5.0,R,L,"Demonstration, Synthetic"
CH,2024-04-20,87.82200781669722,1829.1648754080593,6.311030915134785,-0.8187134787353241,0.6712383819265499,900003,1,Top,2,4,R,1,5.0,R,L,"Demonstration, Synthetic"
SL,2024-04-20,85.79192371514438,2632.486226779227,6.315309801187665,0.32489830219920734,0.2733422554260258,900003,1,Top,3,1,R,1,5.0,R,L,"Demonstration, Synthetic"
SL,2024-04-20,86.5326786829741,2463.551587733519,6.4692099473837255,0.47153738643908827,0.2527634883146269,900003,1,Top,3,2,R,1,5.0,R,R,"Demonstration, Synthetic"
SL,2024-04-20,85.3919376684691,2709.3549330471064,6.366107588257194,0.47637096865748574,0.14142298186496627,900003,1,Top,3,3,R,1,5.0,R,L,"Demonstration, Synthetic"
SI,2024-04-20,95.05111399663144,2397.74446868866,6.364633178410296,-1.0543930994390294,0.7728762834048585,900003,1,Top,3,4,R,1,5.0,R,L,"Demonstration, Synthetic"
SI,2024-04-20,95.00260004211533,2187.354612829765,6.270711494753011,-0.9919200717267682,0.7447824014636387,900003,1,Top,4,1,R,1,5.0,R,R,"Demonstration, Synthetic"
SI,2024-04-20,94.38358045443374,2279.914211563279,6.462812959624155,-1.0314352296144045,0.7874510563481719,900003,1,Top,4,2,R,1,5.0,R,R,"Demonstration, Synthetic"
FF,2024-04-20,96.18611448170505,2590.312835695814,6.221345135103077,-0.49936212138474606,1.374273021275124,900003,1,Top,4,3,R,1,5.0,R,L,"Demonstration, Synthetic"
FF,2024-04-20,95.58285997145009,2325.6043172361196,6.462905358870136,-0.455270140716222,1.3122824011612317,900003,2,Top,4,4,R,1,5.0,R,L,"Demonstration, Synthetic"
SI,2024-04-20,94.2495564757483,2191.662956894447,6.4161738239696975,-1.1298526351568094,0.6499179240066542,900003,2,Top,5,1,R,1,5.0,R,R,"Demonstration, Synthetic"
CH,2024-04-20,86.95260672460813,1810.8064096831447,6.295681654851841,-0.8004540377978691,0.6058226714573736,900003,2,Top,5,2,R,1,5.0,R,R,"Demonstration, Synthetic"
SL,2024-04-20,85.51599165277852,2707.7294478151125,6.472988604151824,0.46268760914183504,0.2168785162593054,900003,2,Top,5,3,R,1,5.0,R,L,"Demonstration, Synthetic"
FF,2024-04-20,95.45181499148968,2537.949782540234,6.346605295193671,-0.44459059033994563,1.2408255933690042,900003,2,Top,5,4,R,1,5.0,R,L,"Demonstration, Synthetic"
SI,2024-04-20,94.92343973112878,2250.3459859293607,6.323663248131279,-1.0628371886316488,0.7898575381233381,900003,2,Top,6,1,R,1,5.0,R,R,"Demonstration, Synthetic"
FF,2024-04-20,95.37856440022486,2488.261609862931,6.273453062969628,-0.3631764782381339,1.2906147112514021,900003,2,Top,6,2,R,1,5.0,R,L,"Demonstration, Synthetic"
SL,2024-04-20,86.99236054458817,2566.6136430535307,6.265409060426937,0.3361311300060134,0.327195407877234,900003,2,Top,6,3,R,1,5.0,R,L,"Demonstration, Synthetic"
SL,2024-04-20,85.97259385239795,2598.6540863330947,6.273957103425141,0.43920359472700166,0.27698891959339206,900003,2,Top,6,4,R,1,5.0,R,L,"Demonstration, Synthetic"
SI,2024-04-20,93.65804430911079,2204.4945380730173,6.3161951213761,-1.0428722076058259,0.7260270635046943,900003,2,Top,7,1,R,1,5.0,R,R,"Demonstration, Synthetic"
SI,2024-04-20,94.6755857491555,2248.706391391072,6.4648782499841415,-1.077862823531727,0.7791118938886624,900003,2,Top,7,2,R,1,5.0,R,L,"Demonstration, Synthetic"
FF,2024-04-20,96.0880322981881,2473.756677427503,6.208126836895225,-0.42276026211318246,1.3739718245985406,900003,2,Top,7,3,R,1,5.0,R,R,"Demonstration, Synthetic"
FF,2024-04-20,95.13081692096871,2514.716262397659,6.361293521506611,-0.5553886032447789,1.2856137392263844,900003,2,Top,7,4,R,1,5.0,R,L,"Demonstration, Synthetic"
CH,2024-04-20,87.34850023986185,1725.8654111264918,6.3449344112231225,-0.8219430071387726,0.6339481829017652,900003,2,Top,8,1,R,1,5.0,R,R,"Demonstration, Synthetic"
SL,2024-04-20,86.03262601049212,2632.192741494459,6.28104141157493,0.5014326212133967,0.18327734473844792,900003,2,Top,8,2,R,1,5.0,R,L,"Demonstration, Synthetic"
SI,2024-04-20,94.25929344923766,2327.099262637724,6.382024792664773,-1.2216911022060404,0.7681354931091277,900003,3,Top,8,3,R,1,5.0,R,R,"Demonstration, Synthetic"
FF,2024-04-20,95.80798663518833,2446.7091726512954,6.258783451467907,-0.4584841602495227,1.3040533290448495,900003,3,Top,8,4,R,1,5.0,R,L,"Demonstration, Synthetic"
FF,2024-04-20,95.322579132083,2460.524758873529,6.364056036493188,-0.37260421808290556,1.1959233101837683,900003,3,Top,9,1,R,1,5.0,R,R,"Demonstration, Synthetic"
FF,2024-04-20,95.40956811599648,2411.9503973717524,6.3364359427439645,-0.3395246631343858,1.2241341783293673,900003,3,Top,9,2,R,1,5.0,R,R,"Demonstration, Synthetic"
FF,2024-04-20,95.62195265888919,2365.374252939372,6.347948875172186,-0.4741669764663744,1.2433346272958146,900003,3,Top,9,3,R,1,5.0,R,R,"Demonstration, Synthetic"
FF,2024-04-20,95.43446556499912,2609.7858343728763,6.401805928244935,-0.4998913663599826,1.1934179416692268,900003,3,Top,9,4,R,1,5.0,R,L,"Demonstration, Synthetic"
CH,2024-04-20,87.61834039791401,1925.4060350318307,6.3366579412798405,-0.7550140667805126,0.5734897622408864,900003,3,Top,10,1,R,2,5.0,R,L,"Demonstration, Synthetic"
SI,2024-04-20,94.86180034437274,2144.760331692319,6.254192936877267,-1.0116744370994415,0.7698925017080216,900003,3,Top,10,2,R,2,5.0,R,R,"Demonstration, Synthetic"
FF,2024-04-20,95.06773520546022,2506.6784074817356,6.307318437945369,-0.3966523609483796,1.2674797657884418,900003,3,Top,10,3,R,2,5.0,R,R,"Demonstration, Synthetic"
FF,2024-04-20,96.24021826542355,2331.6122277748987,6.41159167850198,-0.39193647679323157,1.3346025016926042,900003,3,Top,10,4,R,2,5.0,R,R,"Demonstration, Synthetic"
FF,2024-04-20,97.1085512796586,2439.355333232057,6.394472962503955,-0.4778280264810861,1.327929806449977,900003,3,Top,11,1,R,2,5.0,R,L,"Demonstration, Synthetic"
SL,2024-04-20,86.08439672519819,2697.7929367082997,6.43527821037945,0.4730861126522996,0.2556681995091783,900003,3,Top,11,2,R,2,5.0,R,L,"Demonstration, Synthetic"
FF,2024-04-20,95.62812367124995,2446.331328702338,6.468367229892074,-0.4565121979611094,1.2528522238370337,900003,3,Top,11,3,R,2,5.0,R,R,"Demonstration, Synthetic"
SL,2024-04-20,85.56890722321877,2671.5240942453197,6.39482633425858,0.4345487280654125,0.2844017482103767,900003,3,Top,11,4,R,2,5.0,R,L,"Demonstration, Synthetic"
SL,2024-04-20,86.26352900342056,2583.1250879625245,6.2714472123239355,0.3986684128254855,0.25652212916880457,900003,3,Top,12,1,R,2,5.0,R,R,"Demonstration, Synthetic"
FF,2024-04-20,95.18337491838429,2325.488264309515,6.299253520517956,-0.4718657050838545,1.2747694993937866,900003,4,Top,12,2,R,2,5.0,R,R,"Demonstration, Synthetic"
SI,2024-04-20,93.64189617280941,2250.468458924464,6.412389569001822,-1.0048276699710672,0.8005904586013601,900003,4,Top,12,3,R,2,5.0,R,L,"Demonstration, Synthetic"
CH,2024-04-20,87.34889872468841,1869.42967991797,6.35073385985457,-0.806975998718622,0.6605290395140959,900003,4,Top,12,4,R,2,5.0,R,R,"Demonstration, Synthetic"
FF,2024-04-20,95.40456737138581,2341.8168344335368,6.428453863546194,-0.39177012114817616,1.2402585863894917,900003,4,Top,13,1,R,2,5.0,R,L,"Demonstration, Synthetic"
FF,2024-04-20,95.95459842268211,2443.0103066227057,6.445707158829619,-0.44547602741123626,1.2899275558344214,900003,4,Top,13,2,R,2,5.0,R,R,"Demonstration, Synthetic"
CH,2024-04-20,87.52487411485528,1887.7257377158091,6.266378977488122,-0.8340633285951622,0.5127507168591647,900003,4,Top,13,3,R,2,5.0,R,R,"Demonstration, Synthetic"
CH,2024-04-20,88.53071684657509,1913.4389632691134,6.45947755150121,-0.7853960650159677,0.5006864937074177,900003,4,Top,13,4,R,2,5.0,R,R,"Demonstration, Synthetic"
SI,2024-04-20,94.18086530524825,2246.0338721831536,6.2788167738962235,-1.1381183658189176,0.7879720994134373,900003,4,Top,14,1,R,2,5.0,R,R,"Demonstration, Synthetic"
SI,2024-04-20,93.74033212954835,2448.8695298847933,6.390811097249075,-0.9582411912619624,0.7538753794165933,900003,4,Top,14,2,R,2,5.0,R,R,"Demonstration, Synthetic"
FF,2024-04-20,95.32854016755337,2330.1694178651837,6.198396332004169,-0.4429811859585668,1.165430342703374,900003,4,Top,14,3,R,2,5.0,R,L,"Demonstration, Synthetic"
SL,2024-04-20,86.0341517985988,2565.0824033891276,6.374446415352198,0.5036279247561274,0.2951430239627607,900003,4,Top,14,4,R,2,5.0,R,R,"Demonstration, Synthetic"
SI,2024-04-20,94.58940229446061,2249.8753039994117,6.3613325357912816,-1.0738316585950245,0.7300534479396138,900003,4,Top,15,1,R,2,5.0,R,L,"Demonstration, Synthetic"
FF,2024-04-20,95.52555231723376,2477.405093944139,6.297020414454032,-0.5226239236669673,1.358730480474232,900003,4,Top,15,2,R,2,5.0,R,L,"Demonstration, Synthetic"
SL,2024-04-20,85.57486028883811,2543.9179987277375,6.237479949839021,0.511273337353148,0.2177741806260332,900003,4,Top,15,3,R,2,5.0,R,R,"Demonstration, Synthetic"
CH,2024-04-20,87.85349361715524,1852.6767013226965,6.254070629908381,-0.7673673797532692,0.5209006165442966,900003,4,Top,15,4,R,2,5.0,R,R,"Demonstration, Synthetic"
SL,2024-04-20,86.01541090417413,2599.9272180701373,6.505567823380818,0.5445552173127234,0.3598572573253939,900003,5,Top,16,1,R,2,5.0,R,L,"Demonstration, Synthetic"
FF,2024-04-20,95.95153462925953,2509.2899057384907,6.248163805700821,-0.488667345892963,1.2594251981581832,900003,5,Top,16,2,R,2,5.0,R,L,"Demonstration, Synthetic"
FF,2024-04-20,95.19567343687282,2502.0467429085274,6.325068845284022,-0.49476698897656357,1.3521805454016695,900003,5,Top,16,3,R,2,5.0,R,L,"Demonstration, Synthetic"
CH,2024-04-20,86.52889981884046,1918.6650630920074,6.208643048149595,-0.7147023813150676,0.5259247036408106,900003,5,Top,16,4,R,2,5.0,R,R,"Demonstration, Synthetic"
CH,2024-04-20,87.8556111040609,1956.7729190733553,6.326527752714882,-0.8079260727687876,0.563629767903248,900003,5,Top,17,1,R,2,5.0,R,R,"Demonstration, Synthetic"
SI,2024-04-20,94.87312536989309,2274.86038257542,6.2539259199180455,-1.0032382864515577,0.7312758747203033,900003,5,Top,17,2,R,2,5.0,R,R,"Demonstration, Synthetic"
SL,2024-04-20,86.05486286726385,2458.868979770922,6.354103965227224,0.4598020024305398,0.3663566089612015,900003,5,Top,17,3,R,2,5.0,R,R,"Demonstration, Synthetic"
SI,2024-04-20,93.894464621601,2240.416831978058,6.344766139606635,-1.1415869600450608,0.8314443730365016,900003,5,Top,17,4,R,2,5.0,R,R,"Demonstration, Synthetic"
FF,2024-04-20,96.169341428931,,6.335735770480707,-0.44932462993563177,1.2576782400066795,900003,5,Top,18,1,R,2,5.0,R,R,"Demonstration, Synthetic"
FF,2024-04-20,94.98848250820161,2457.669915136913,6.274759319286785,-0.4543526649515931,1.254294068036573,900003,5,Top,18,2,R,2,5.0,R,L,"Demonstration, Synthetic"
FF,2024-04-20,95.49797699875172,2428.567499955745,6.355743011322793,-0.5255018442987162,1.262255644487928,900003,5,Top,18,3,R,2,5.0,R,L,"Demonstration, Synthetic"
FF,2024-04-20,96.21406149091204,2534.8902490123915,6.383758328816233,-0.34794591963211885,1.2837174669616966,900003,5,Top,18,4,R,2,5.0,R,L,"Demonstration, Synthetic"
SL,2024-04-20,85.08705034968867,2557.249246810582,6.5164819737246455,0.4941268543570739,0.2271527559971815,900003,5,Top,19,1,R,3,5.0,R,R,"Demonstration, Synthetic"
FF,2024-04-20,94.72291595782424,2471.2999920326556,6.30627119133486,-0.4720812830365696,1.165199039415484,900003,5,Top,19,2,R,3,5.0,R,R,"Demonstration, Synthetic"
FF,2024-04-20,96.55656624601761,2406.4242238727816,6.2967405046537905,-0.4689691789594293,1.2889198501834398,900003,5,Top,19,3,R,3,5.0,R,L,"Demonstration, Synthetic"
SI,2024-04-20,94.49932656725525,2184.5636533548404,6.352791145907043,-1.1565136957802893,0.6649264920318536,900003,6,Top,19,4,R,3,5.0,R,L,"Demonstration, Synthetic"
FF,2024-04-20,95.25807908206662,2444.925338400123,6.321058933824133,-0.3982959983831902,1.1966641963084725,900003,6,Top,20,1,R,3,5.0,R,R,"Demonstration, Synthetic"
FF,2024-04-20,95.57236812520502,2433.94212406612,6.219139408211232,-0.42038227942372075,1.3418350171626483,900003,6,Top,20,2,R,3,5.0,R,R,"Demonstration, Synthetic"
SI,2024-04-20,93.49514716420909,2222.642263084503,6.309240112604816,-0.9538376488271756,0.7281582896039925,900003,6,Top,20,3,R,3,5.0,R,L,"Demonstration, Synthetic"
FF,2024-04-20,95.0345889988926,2379.0039392302497,6.3513242626450515,-0.4091793743550582,1.326038990824279,900003,6,Top,20,4,R,3,5.0,R,L,"Demonstration, Synthetic"
SI,2024-04-20,93.39817918318279,2273.1308170842035,6.303938281883213,-1.053550521434365,0.6649003963823436,900003,6,Top,21,1,R,3,5.0,R,L,"Demonstration, Synthetic"
CH,2024-04-20,87.454296764185,1795.3566593147625,6.401776068025466,-0.7690057175250457,0.6852185445633281,900003,6,Top,21,2,R,3,5.0,R,L,"Demonstration, Synthetic"
FF,2024-04-20,95.2109918671923,2384.3457246940784,6.339820316573685,-0.3140573204484586,1.216520772101346,900003,6,Top,21,3,R,3,5.0,R,R,"Demonstration, Synthetic"
CH,2024-04-20,87.94781113294489,1836.9037888449182,6.403909884864312,-0.8301505842266459,0.5348339679264817,900003,6,Top,21,4,R,3,5.0,R,R,"Demonstration, Synthetic"
CH,2024-04-20,87.33999579465583,1740.177580120518,6.211295762004957,-0.7638323781324943,0.5032552541141386,900003,6,Top,22,1,R,3,5.0,R,R,"Demonstration, Synthetic"
SL,2024-04-20,84.94730041545212,2618.656191668869,6.309826399371909,0.4949345874448923,0.316939618089391,900003,6,Top,22,2,R,3,5.0,R,R,"Demonstration, Synthetic"
SL,2024-04-20,86.23645620405468,2630.129502849777,6.204298317966422,0.5158487286475039,0.20291083359087655,900003,6,Top,22,3,R,3,5.0,R,R,"Demonstration, Synthetic"
SI,2024-04-20,93.357201247359,2228.6358473754112,6.354994496417899,-0.9530313349430662,0.7216070644965322,900003,6,Top,22,4,R,3,5.0,R,R,"Demonstration, Synthetic"
SL,2024-04-20,84.69499338505697,2615.6929471218646,6.224962078028786,0.44898719658909997,0.3145289449898616,900003,6,Top,23,1,R,3,5.0,R,R,"Demonstration, Synthetic"
SL,2024-04-20,85.653306382811,2615.6694123501443,6.234159931983451,0.4250561423845071,0.1918021567196314,900003,6,Top,23,2,R,3,5.0,R,R,"Demonstration, Synthetic"
FF,2024-04-20,95.08194891010373,2404.0806857563534,6.328688946471395,-0.4190613437205683,1.2860769999406534,900003,7,Top,23,3,R,3,5.0,R,R,"Demonstration, Synthetic"
CH,2024-04-20,87.64333456184619,1839.037940689456,6.33597341482288,-0.8099408856843322,0.5323199259395708,900003,7,Top,23,4,R,3,5.0,R,L,"Demonstration, Synthetic"
SI,2024-04-20,94.05544768161936,2142.977064726452,6.365254813977603,-0.9765939687463597,0.8389317571166288,900003,7,Top,24,1,R,3,5.0,R,L,"Demonstration, Synthetic"
SL,2024-04-20,85.32836852638229,2756.4645569821914,6.245677766884783,0.4540695336036183,0.2899868956731747,900003,7,Top,24,2,R,3,5.0,R,R,"Demonstration, Synthetic"
FF,2024-04-20,94.7137087028723,2487.4867900626455,6.202280184438902,-0.4059900555269769,1.237358366751438,900003,7,Top,24,3,R,3,5.0,R,R,"Demonstration, Synthetic"
FF,2024-04-20,94.41540663745346,2318.9291634703563,6.155941166337499,-0.47236328758395435,1.2404859296314272,900003,7,Top,24,4,R,3,5.0,R,R,"Demonstration, Synthetic"
SI,2024-04-20,93.01034277035349,2202.8617739121455,6.297235235480123,-1.0555235678466348,0.6792214210191594,900003,7,Top,25,1,R,3,5.0,R,L,"Demonstration, Synthetic"
SI,2024-04-20,93.61840933400927,2086.9547244511123,6.34563322959825,-0.9991312160385422,0.7619584619319087,900003,7,Top,25,2,R,3,5.0,R,R,"Demonstration, Synthetic"
FF,2024-04-20,94.71688832561101,2417.7006886729478,6.295401863923889,-0.4878033092722132,1.1482376134765373,900003,7,Top,25,3,R,3,5.0,R,L,"Demonstration, Synthetic"
FF,2024-04-20,93.71726342439611,2395.719623282739,6.184012050602542,-0.47134414115645035,1.214861696383991,900003,7,Top,25,4,R,3,5.0,R,L,"Demonstration, Synthetic"
FF,2024-04-20,94.37327755892741,2263.9666352008917,6.16555245281972,-0.434268210598306,1.297993168968509,900003,7,Top,26,1,R,3,5.0,R,R,"Demonstration, Synthetic"
SI,2024-04-20,92.95910689016478,2140.381025703315,6.211606424731326,-0.9258002511416117,0.6927778752617072,900003,7,Top,26,2,R,3,5.0,R,L,"Demonstration, Synthetic"
FF,2024-04-20,94.47812717222621,2379.082750423268,6.2806359611076825,-0.36480703073985155,1.1979392677280989,900003,7,Top,26,3,R,3,5.0,R,R,"Demonstration, Synthetic"
CH,2024-04-20,86.80578970420619,1791.4014808256986,6.333858163859028,-0.7283402736697752,0.44095449558202326,900003,7,Top,26,4,R,3,5.0,R,R,"Demonstration, Synthetic"
FF,2024-04-20,94.8488284058081,2491.2160502518527,6.256829710528207,-0.5244902951843107,1.1165527729299485,900003,7,Top,27,1,R,3,5.0,R,L,"Demonstration, Synthetic"
FF,2024-04-20,94.09175730923445,2304.9213774975515,6.2967468230289025,-0.5113354528057288,1.198447342783177,900003,8,Top,27,2,R,3,5.0,R,R,"Demonstration, Synthetic"
FF,2024-04-20,93.84720495199589,2270.9062552856108,6.288663500787996,-0.357700349567828,1.2680369060191012,900003,8,Top,27,3,R,3,5.0,R,L,"Demonstration, Synthetic"
FF,2024-04-26,96.25472330124472,2424.163583229587,6.330254096359073,-0.42072051775172475,1.235262568777082,900004,1,Top,1,1,R,1,5.0,R,R,"Demonstration, Synthetic"
SL,2024-04-26,87.19980635631305,2577.368963595616,6.412570259127579,0.36190417440786915,0.23605796563739373,900004,1,Top,1,2,R,1,5.0,R,L,"Demonstration, Synthetic"
SI,2024-04-26,94.44959740305829,2261.5434226000334,6.355195447004059,-1.0247806302134324,0.7995402571982195,900004,1,Top,1,3,R,1,5.0,R,R,"Demonstration, Synthetic"
CH,2024-04-26,88.09147915292213,1827.5648036292116,6.308046808562316,-0.8611750704900466,0.5599367290139592,900004,1,Top,1,4,R,1,5.0,R,L,"Demonstration, Synthetic"
FF,2024-04-26,95.94418531458072,2303.151097957455,6.3888551167352405,-0.5269110748637199,1.3018003923118564,900004,1,Top,2,1,R,1,5.0,R,L,"Demonstration, Synthetic"
SL,2024-04-26,86.26730209334916,2619.7016225217717,6.22709821487646,0.36136752219233814,0.21496678365446686,900004,1,Top,2,2,R,1,5.0,R,L,"Demonstration, Synthetic"
SI,2024-04-26,94.75575485613786,2210.463883432057,6.272798982017639,-1.0666857775792746,0.7635515901789931,900004,1,Top,2,3,R,1,5.0,R,R,"Demonstration, Synthetic"
CH,2024-04-26,88.35451113979606,1972.0946435795533,6.3840899157455535,-0.801405377552049,0.5199629112406808,900004,1,Top,2,4,R,1,5.0,R,R,"Demonstration, Synthetic"
FF,2024-04-26,95.56100969042005,2416.795753661554,6.286345692666353,-0.5128255032459873,1.335027192717577,900004,1,Top,3,1,R,1,5.0,R,L,"Demonstration, Synthetic"
FF,2024-04-26,95.49782441954544,2391.247846177243,6.310452803985384,-0.4260610859578593,1.3494962733768463,900004,1,Top,3,2,R,1,5.0,R,L,"Demonstration, Synthetic"
FF,2024-04-26,95.79091955377044,2518.3705659342886,6.40677294925103,-0.34973272628620516,1.3296059192910217,900004,1,Top,3,3,R,1,5.0,R,R,"Demonstration, Synthetic"
FF,2024-04-26,95.3360926990288,,6.188204235516522,-0.44223542778624786,1.2785162398257295,900004,1,Top,3,4,R,1,5.0,R,R,"Demonstration, Synthetic"
SL,2024-04-26,86.8431005142588,2604.259617753953,6.360928182641016,0.523703662100063,0.2504796417729288,900004,1,Top,4,1,R,1,5.0,R,R,"Demonstration, Synthetic"
SL,2024-04-26,87.74071567492722,2669.1802921060666,6.3800205982533384,0.4728497551702604,0.28150575843835585,900004,1,Top,4,2,R,1,5.0,R,R,"Demonstration, Synthetic"
SI,2024-04-26,95.56344668204785,2301.5129817587194,6.322728273644398,-1.0435706956296407,0.673244761669484,900004,1,Top,4,3,R,1,5.0,R,L,"Demonstration, Synthetic"
SL,2024-04-26,86.25341337478628,2557.6606711456093,6.5040010241388675,0.5689356180087354,0.2527907902128845,900004,2,Top,4,4,R,1,5.0,R,R,"Demonstration, Synthetic"
FF,2024-04-26,96.23189935959944,2425.7262071872815,6.316293018028344,-0.3912844281801021,1.2677020542810011,900004,2,Top,5,1,R,1,5.0,R,L,"Demonstration, Synthetic"
SL,2024-04-26,87.32139702816676,2497.2147992017854,6.407698029823983,0.5377079500528383,0.19923387182936014,900004,2,Top,5,2,R,1,5.0,R,L,"Demonstration, Synthetic"
SI,2024-04-26,95.26044240648866,2188.6946049159897,6.3581456490482635,-1.1347584613560733,0.6710982536677348,900004,2,Top,5,3,R,1,5.0,R,L,"Demonstration, Synthetic"
FF,2024-04-26,97.04376085447956,2481.9444183460732,6.198321184068314,-0.364735443715813,1.356184025020879,900004,2,Top,5,4,R,1,5.0,R,L,"Demonstration, Synthetic"
CH,2024-04-26,88.65398898260815,1830.2918949138177,6.245272395808961,-0.7633554706522284,0.42174996423516475,900004,2,Top,6,1,R,1,5.0,R,R,"Demonstration, Synthetic"
FF,2024-04-26,96.15029087337773,2523.9671900110034,6.421147700301788,-0.39151489109480514,1.378602381572017,900004,2,Top,6,2,R,1,5.0,R,R,"Demonstration, Synthetic"
FF,2024-04-26,96.51723464893537,2520.2893616059146,6.357160719981104,-0.4642355831458441,1.2272579024164165,900004,2,Top,6,3,R,1,5.0,R,L,"Demonstration, Synthetic"
FF,2024-04-26,97.0813709444015,2431.6690586742116,6.346656221769958,-0.38979142254734017,1.3647589393859272,900004,2,Top,6,4,R,1,5.0,R,R,"Demonstration, Synthetic"
FF,2024-04-26,97.02440612651712,2488.654863739062,6.400867467061274,-0.5214290252813013,1.309691479129231,900004,2,Top,7,1,R,1,5.0,R,R,"Demonstration, Synthetic"
FF,2024-04-26,96.65180273947425,2438.2199827544646,6.267070168066832,-0.41935752304718915,1.2163698908779226,900004,2,Top,7,2,R,1,5.0,R,L,"Demonstration, Synthetic"
SI,2024-04-26,94.82816964394301,2319.9219928871225,6.378540503224668,-1.0682686684647917,0.7767876612747112,900004,2,Top,7,3,R,1,5.0,R,L,"Demonstration, Synthetic"
CH,2024-04-26,88.04064438184308,1850.8176026528693,6.3532269124443745,-0.8187360916763993,0.4548637975239847,900004,2,Top,7,4,R,1,5.0,R,L,"Demonstration, Synthetic"
FF,2024-04-26,95.7544585126868,2551.933419059149,6.226771649932127,-0.456729834006635,1.393671191990589,900004,2,Top,8,1,R,1,5.0,R,R,"Demonstration, Synthetic"
SI,2024-04-26,95.11598111712549,2334.954970971261,6.243142359255634,-0.9937486246950146,0.7299040777635836,900004,2,Top,8,2,R,1,5.0,R,L,"Demonstration, Synthetic"
FF,2024-04-26,96.55874231524952,2397.0789511709027,6.337677334673931,-0.4257272884148306,1.2840161754884496,900004,3,Top,8,3,R,1,5.0,R,L,"Demonstration, Synthetic"
SL,2024-04-26,86.02456581973634,2704.3564198816075,6.395475544447569,0.40543926871793085,0.17891892138026055,900004,3,Top,8,4,R,1,5.0,R,R,"Demonstration, Synthetic"
FF,2024-04-26,96.26847418732439,2339.2335243329185,6.333076271753558,-0.4254149268226026,1.334871928719655,900004,3,Top,9,1,R,1,5.0,R,L,"Demonstration, Synthetic"
FF,2024-04-26,95.7868745967828,2496.652164568754,6.336410041313621,-0.3671232590664645,1.4005956878947419,900004,3,Top,9,2,R,1,5.0,R,L,"Demonstration, Synthetic"
SI,2024-04-26,95.29819413121187,2172.627673269056,6.408056638665498,-1.002902742678725,0.7717957847548519,900004,3,Top,9,3,R,1,5.0,R,L,"Demonstration, Synthetic"
SL,2024-04-26,85.47877184847874,2597.07443837761,6.377171341337068,0.4611631706191313,0.283454550569489,900004,3,Top,9,4,R,1,5.0,R,L,"Demonstration, Synthetic"
SL,2024-04-26,86.42743696013285,2641.926084805479,6.3450667744634766,0.46854014136514205,0.3719402214826203,900004,3,Top,10,1,R,2,5.0,R,R,"Demonstration, Synthetic"
SI,2024-04-26,94.62721863135386,2263.2084506706037,6.346032775369444,-0.9691606055031865,0.8580594360413242,900004,3,Top,10,2,R,2,5.0,R,L,"Demonstration, Synthetic"
SL,2024-04-26,86.18455474632128,2575.5213430034732,6.304309126851221,0.3435034173252764,0.3337654941546846,900004,3,Top,10,3,R,2,5.0,R,L,"Demonstration, Synthetic"
FF,2024-04-26,97.08970288494943,2607.157359847569,6.35561084146929,-0.4016339869919918,1.2011333715337318,900004,3,Top,10,4,R,2,5.0,R,L,"Demonstration, Synthetic"
FF,2024-04-26,96.6994349874368,2501.123588836569,6.2887603759166195,-0.484766405134902,1.2721933231824762,900004,3,Top,11,1,R,2,5.0,R,L,"Demonstration, Synthetic"
FF,2024-04-26,96.80342497457707,2458.631806607043,6.445327489134605,-0.4920806489858305,1.3208921809566891,900004,3,Top,11,2,R,2,5.0,R,L,"Demonstration, Synthetic"
FF,2024-04-26,95.96573682243739,2471.337807535267,6.434165990881899,-0.45383223510746956,1.4213265370512085,900004,3,Top,11,3,R,2,5.0,R,R,"Demonstration, Synthetic"
FF,2024-04-26,96.69256497614954,2389.804927377218,6.408149829095714,-0.3785639592679249,1.2608322223692523,900004,3,Top,11,4,R,2,5.0,R,R,"Demonstration, Synthetic"
SI,2024-04-26,94.7632576252835,2238.8557609532936,6.456910356630146,-1.0357597137723693,0.6692363203293007,900004,3,Top,12,1,R,2,5.0,R,L,"Demonstration, Synthetic"
FF,2024-04-26,96.07902399862269,2558.2104438186375,6.328080658808239,-0.5386384652590399,1.3853857089706971,900004,4,Top,12,2,R,2,5.0,R,L,"Demonstration, Synthetic"
SI,2024-04-26,95.57595624515231,2338.8810993029974,6.3705355599234466,-0.9988060402278555,0.7931455827653002,900004,4,Top,12,3,R,2,5.0,R,L,"Demonstration, Synthetic"
SI,2024-04-26,95.80918954931442,2272.615741016876,6.277445041192328,-1.0497415414594105,0.7508931525124557,900004,4,Top,12,4,R,2,5.0,R,L,"Demonstration, Synthetic"
SL,2024-04-26,86.30873645646203,2572.0842780168573,6.2234437986049675,0.4505731371754108,0.1839660800181909,900004,4,Top,13,1,R,2,5.0,R,L,"Demonstration, Synthetic"
SL,2024-04-26,86.64259595756965,2608.89676584481,6.395373656561575,0.33404465874356337,0.16833898432555183,900004,4,Top,13,2,R,2,5.0,R,L,"Demonstration, Synthetic"
FF,2024-04-26,96.06005083895985,2381.9314305949924,6.356373819141405,-0.48799525213641565,1.3336924692771788,900004,4,Top,13,3,R,2,5.0,R,R,"Demonstration, Synthetic"
FF,2024-04-26,96.51831251215586,2420.8611647131247,6.2529824960765925,-0.4243511374727497,1.457589094542214,900004,4,Top,13,4,R,2,5.0,R,R,"Demonstration, Synthetic"
SI,2024-04-26,93.95917963639776,2296.6926126481208,6.244217088327985,-0.9730324286338372,0.7026146351925132,900004,4,Top,14,1,R,2,5.0,R,L,"Demonstration, Synthetic"
SI,2024-04-26,94.30093190477467,2239.2327190805386,6.345962074177486,-1.1034917672803222,0.7055388852132664,900004,4,Top,14,2,R,2,5.0,R,L,"Demonstration, Synthetic"
FF,2024-04-26,96.3040663527704,2483.9534138992403,6.397755671784711,-0.4585223764939764,1.2833047738925696,900004,4,Top,14,3,R,2,5.0,R,R,"Demonstration, Synthetic"
FF,2024-04-26,96.4284726296573,2493.432859831246,6.287456781621334,-0.5016409825898716,1.3461488501180086,900004,4,Top,14,4,R,2,5.0,R,L,"Demonstration, Synthetic"
SL,2024-04-26,86.41195846975063,2629.5943984970772,6.405712951265821,0.506106525661367,0.3046736803114389,900004,4,Top,15,1,R,2,5.0,R,L,"Demonstration, Synthetic"
SL,2024-04-26,86.69332146979104,2690.1545274440746,6.37256703126679,0.46482040244905043,0.2058548805849808,900004,4,Top,15,2,R,2,5.0,R,R,"Demonstration, Synthetic"
FF,2024-04-26,96.42385836076343,2634.9441356689968,6.314303578852218,-0.47928119409371606,1.3926669686871205,900004,4,Top,15,3,R,2,5.0,R,R,"Demonstration, Synthetic"
FF,2024-04-26,96.02612726957918,2419.1847692311867,6.213328008563732,-0.4120917180472843,1.4679818333102386,900004,4,Top,15,4,R,2,5.0,R,L,"Demonstration, Synthetic"
CH,2024-04-26,88.04085691707299,1741.6607343556345,6.4539477544442825,-0.8169217428673967,0.5120910586550332,900004,5,Top,16,1,R,2,5.0,R,L,"Demonstration, Synthetic"
FF,2024-04-26,96.15135304001848,2499.255489460852,6.3340934717616895,-0.5263113110700531,1.323821896137639,900004,5,Top,16,2,R,2,5.0,R,L,"Demonstration, Synthetic"
SL,2024-04-26,86.53524407316716,2571.1321054662417,6.397225645838911,0.44609725963687147,0.320184770859131,900004,5,Top,16,3,R,2,5.0,R,L,"Demonstration, Synthetic"
FF,2024-04-26,96.74998420347318,2478.9991652760987,6.314842918932248,-0.53063393470148,1.3252217275505576,900004,5,Top,16,4,R,2,5.0,R,R,"Demonstration, Synthetic"
SI,2024-04-26,94.45469398890641,2320.8806794240068,6.386792021304621,-1.0542700193311851,0.6368543033657323,900004,5,Top,17,1,R,2,5.0,R,L,"Demonstration, Synthetic"
FF,2024-04-26,97.03858795633231,2329.592510525718,6.495990321424569,-0.5229393821083177,1.2802365077552385,900004,5,Top,17,2,R,2,5.0,R,L,"Demonstration, Synthetic"
FF,2024-04-26,96.11887656630348,2563.179750292802,6.471398044677028,-0.4718573491630955,1.3415121025379875,900004,5,Top,17,3,R,2,5.0,R,L,"Demonstration, Synthetic"
CH,2024-04-26,87.85517268250071,1836.069871633999,6.412136108412181,-0.8007543234652028,0.5293136555668215,900004,5,Top,17,4,R,2,5.0,R,R,"Demonstration, Synthetic"
FF,2024-04-26,96.7355806764611,2427.8573552393163,6.132488265272255,-0.4980156704557686,1.3040857745313403,900004,5,Top,18,1,R,2,5.0,R,L,"Demonstration, Synthetic"
CH,2024-04-26,88.18744432312262,1870.6194557642373,6.297851744321026,-0.81025008938413,0.6158445409893645,900004,5,Top,18,2,R,2,5.0,R,R,"Demonstration, Synthetic"
FF,2024-04-26,96.92874934369921,2432.917562995643,6.313475339341094,-0.3893216006393424,1.3648187641959013,900004,5,Top,18,3,R,2,5.0,R,L,"Demonstration, Synthetic"
CH,2024-04-26,88.18298579292302,1827.9032663600103,6.403339188846147,-0.7794194013646693,0.5594973825501922,900004,5,Top,18,4,R,2,5.0,R,L,"Demonstration, Synthetic"
CH,2024-04-26,88.20642454922088,1777.3131449706098,6.270518240353731,-0.7062940500646422,0.5615185129210132,900004,5,Top,19,1,R,3,5.0,R,R,"Demonstration, Synthetic"
SI,2024-04-26,94.55237943856076,2220.2269401067,6.21938094637611,-1.0435156445651939,0.7593619846225571,900004,5,Top,19,2,R,3,5.0,R,R,"Demonstration, Synthetic"
FF,2024-04-26,95.96666788962284,2432.189939225339,6.546660330648664,-0.3923480259008977,1.2349666633714849,900004,5,Top,19,3,R,3,5.0,R,L,"Demonstration, Synthetic"
SL,2024-04-26,86.0025636030071,2537.769127382167,6.3323221151391085,0.3313706698539962,0.17755044256768185,900004,6,Top,19,4,R,3,5.0,R,R,"Demonstration, Synthetic"
SI,2024-04-26,93.95474010025134,2194.868743560718,6.379629099884264,-1.1048555458236118,0.8370140581162578,900004,6,Top,20,1,R,3,5.0,R,R,"Demonstration, Synthetic"
CH,2024-04-26,89.02061285807832,1762.1839724250783,6.345203442889293,-0.7527885247890566,0.5418122141003835,900004,6,Top,20,2,R,3,5.0,R,R,"Demonstration, Synthetic"
FF,2024-04-26,95.23000011282656,2384.34100736444,6.349639913545579,-0.5092006789252778,1.2955132404034018,900004,6,Top,20,3,R,3,5.0,R,R,"Demonstration, Synthetic"
FF,2024-04-26,96.47695635351177,2432.864896307589,6.340897511646324,-0.3670330264203515,1.2291811970144886,900004,6,Top,20,4,R,3,5.0,R,L,"Demonstration, Synthetic"
FF,2024-04-26,95.63397087044204,2347.2293347224418,6.254431342345029,-0.5134801715307417,1.1878889605808407,900004,6,Top,21,1,R,3,5.0,R,L,"Demonstration, Synthetic"
SL,2024-04-26,85.27050160199308,2508.937479872275,6.200550172299735,0.547373914273975,0.20621023700910476,900004,6,Top,21,2,R,3,5.0,R,L,"Demonstration, Synthetic"
CH,2024-04-26,87.4210700666676,1867.9506145225323,6.28901522560804,-0.8780536361711035,0.6836890715346193,900004,6,Top,21,3,R,3,5.0,R,L,"Demonstration, Synthetic"
FF,2024-04-26,94.91538386853247,2335.0903857734615,6.413207512780524,-0.29331312593499026,1.238695052841243,900004,6,Top,21,4,R,3,5.0,R,L,"Demonstration, Synthetic"
SL,2024-04-26,85.81992549424196,2427.999842582809,6.250396309891188,0.45131251523857374,0.26706038856892916,900004,6,Top,22,1,R,3,5.0,R,R,"Demonstration, Synthetic"
CH,2024-04-26,88.42938078430669,1801.4518833220484,6.301001100753722,-0.724298548509921,0.582004532968334,900004,6,Top,22,2,R,3,5.0,R,R,"Demonstration, Synthetic"
FF,2024-04-26,95.00077350137994,2302.1755565152557,6.357920142078087,-0.4156914194407249,1.3277310396271187,900004,6,Top,22,3,R,3,5.0,R,R,"Demonstration, Synthetic"
FF,2024-04-26,95.69125002043228,2406.362222821769,6.300448077075018,-0.34731281796415886,1.2668708529891675,900004,6,Top,22,4,R,3,5.0,R,R,"Demonstration, Synthetic"
SL,2024-04-26,86.47756515744385,2513.341488179453,6.288453007885325,0.5139849374267903,0.12374909808170545,900004,6,Top,23,1,R,3,5.0,R,R,"Demonstration, Synthetic"
SL,2024-04-26,87.00603419559076,2563.7938307132117,6.284704589384899,0.4104161537037341,0.2431577268060103,900004,6,Top,23,2,R,3,5.0,R,R,"Demonstration, Synthetic"
FF,2024-04-26,95.03788712699173,2335.6085848525804,6.221189986975978,-0.355678461809136,1.3349152640571096,900004,7,Top,23,3,R,3,5.0,R,L,"Demonstration, Synthetic"
SL,2024-04-26,85.43178891580348,2534.0173732874864,6.2054181504777075,0.37095501070149406,0.20381673559288754,900004,7,Top,23,4,R,3,5.0,R,R,"Demonstration, Synthetic"
SI,2024-04-26,94.1383867761883,2078.1591672946956,6.418563420674265,-1.0504103021012823,0.7394160353773961,900004,7,Top,24,1,R,3,5.0,R,L,"Demonstration, Synthetic"
CH,2024-04-26,88.3698909070478,1794.3005585268404,6.306192887615802,-0.7839783823028678,0.506988193486728,900004,7,Top,24,2,R,3,5.0,R,R,"Demonstration, Synthetic"
CH,2024-04-26,87.44427445139333,1757.01534438985,6.312693917335013,-0.6957223278607795,0.47318625406025105,900004,7,Top,24,3,R,3,5.0,R,R,"Demonstration, Synthetic"
SL,2024-04-26,85.39842269935413,2490.7827759305687,6.323151651888515,0.3903727095694693,0.3001996248223988,900004,7,Top,24,4,R,3,5.0,R,R,"Demonstration, Synthetic"
SI,2024-04-26,94.01931906230122,2127.175758876336,6.344117472178095,-0.9880307246077877,0.8517798999848655,900004,7,Top,25,1,R,3,5.0,R,R,"Demonstration, Synthetic"
FF,2024-04-26,95.27123532271243,2346.810695293394,6.202958465565945,-0.35986270160805084,1.2634560313106151,900004,7,Top,25,2,R,3,5.0,R,L,"Demonstration, Synthetic"
SI,2024-04-26,93.91583946640947,2208.851988405103,6.258456770330289,-0.9109668226006453,0.773403024959468,900004,7,Top,25,3,R,3,5.0,R,R,"Demonstration, Synthetic"
FF,2024-04-26,95.13545111076985,2361.937119162836,6.156472011924871,-0.5211290764680936,1.1848765986798528,900004,7,Top,25,4,R,3,5.0,R,R,"Demonstration, Synthetic"
FF,2024-05-02,96.07607984337639,2444.2640457309485,6.332891551920486,-0.5086347738679114,1.3610306408572124,900005,1,Top,1,1,R,1,5.0,R,L,"Demonstration, Synthetic"
SL,2024-05-02,85.7168128544379,2622.735168151479,6.301271748494134,0.5329723343424441,0.2620994525580688,900005,1,Top,1,2,R,1,5.0,R,L,"Demonstration, Synthetic"
SI,2024-05-02,96.38009099780871,2269.846338677665,6.372809907307381,-1.072837490823982,0.8352016750672262,900005,1,Top,1,3,R,1,5.0,R,L,"Demonstration, Synthetic"
CH,2024-05-02,88.16637306823881,1856.1308101647714,6.211335916428153,-0.8237550778646359,0.6372710824575423,900005,1,Top,1,4,R,1,5.0,R,R,"Demonstration, Synthetic"
FF,2024-05-02,95.95349259457959,2395.474352881686,6.3788958307243195,-0.3697082320236808,1.3631453807679503,900005,1,Top,2,1,R,1,5.0,R,L,"Demonstration, Synthetic"
SL,2024-05-02,86.47810969491411,2513.4430905962636,6.242362312165368,0.4364659787358838,0.26824902677117063,900005,1,Top,2,2,R,1,5.0,R,R,"Demonstration, Synthetic"
SI,2024-05-02,94.96390086274305,2183.4229482666738,6.4349215016331005,-1.013576793913767,0.7544193956995316,900005,1,Top,2,3,R,1,5.0,R,R,"Demonstration, Synthetic"
CH,2024-05-02,87.70811336672612,1792.6237353078463,6.309129832933668,-0.775403864901166,0.5701974223976406,900005,1,Top,2,4,R,1,5.0,R,R,"Demonstration, Synthetic"
CH,2024-05-02,88.26017194767748,1798.9309931626124,6.23663928695176,-0.6586507291041109,0.5482634960611141,900005,1,Top,3,1,R,1,5.0,R,R,"Demonstration, Synthetic"
FF,2024-05-02,95.87291335745722,2475.9691091429336,6.5197339988052745,-0.389807647822935,1.3493162320665206,900005,1,Top,3,2,R,1,5.0,R,L,"Demonstration, Synthetic"
CH,2024-05-02,87.81744504888586,1784.7843696264904,6.372662943852052,-0.8983633943278742,0.42754846896114884,900005,1,Top,3,3,R,1,5.0,R,R,"Demonstration, Synthetic"
FF,2024-05-02,96.48164128614609,2397.408547632331,6.519606461684063,-0.3666263844851963,1.2845609268840597,900005,1,Top,3,4,R,1,5.0,R,L,"Demonstration, Synthetic"
SI,2024-05-02,94.55725157969516,2307.7009066909545,6.352734217257965,-1.031963111594128,0.78323257921673,900005,1,Top,4,1,R,1,5.0,R,L,"Demonstration, Synthetic"
SI,2024-05-02,95.30271866190408,2242.1944590705316,6.388192845874887,-0.9468534557986243,0.726813254266415,900005,1,Top,4,2,R,1,5.0,R,R,"Demonstration, Synthetic"
SL,2024-05-02,85.64975739987591,2635.263503829811,6.294852379822612,0.47512786969203286,0.2738340431787395,900005,1,Top,4,3,R,1,5.0,R,R,"Demonstration, Synthetic"
CH,2024-05-02,88.78013096697886,1806.5556455855303,6.406371826577652,-0.8576597805154592,0.6344655283152519,900005,2,Top,4,4,R,1,5.0,R,R,"Demonstration, Synthetic"
SL,2024-05-02,86.3306805695528,2638.9729937863744,6.343701136620849,0.4884471080551585,0.25186809117669867,900005,2,Top,5,1,R,1,5.0,R,L,"Demonstration, Synthetic"
SI,2024-05-02,94.21882473521426,2177.1233868326613,6.289837099707817,-1.036672065447033,0.7483826498138876,900005,2,Top,5,2,R,1,5.0,R,R,"Demonstration, Synthetic"
FF,2024-05-02,96.92566560553726,2482.5528536804973,6.328583133836202,-0.47600561908689054,1.3289431742399471,900005,2,Top,5,3,R,1,5.0,R,R,"Demonstration, Synthetic"
SI,2024-05-02,93.88818619878168,2198.61526076801,6.439405935754652,-0.9593318060184519,0.7278326797305751,900005,2,Top,5,4,R,1,5.0,R,R,"Demonstration, Synthetic"
SI,2024-05-02,94.28957324886298,2322.740660515317,6.419422041642094,-1.0902689277078403,0.7213438624000093,900005,2,Top,6,1,R,1,5.0,R,L,"Demonstration, Synthetic"
FF,2024-05-02,96.13377451731526,2472.2720679476624,6.2483000672070075,-0.5149624093372089,1.3236759652822325,900005,2,Top,6,2,R,1,5.0,R,R,"Demonstration, Synthetic"
SI,2024-05-02,95.08991702881963,2275.592124955436,6.33084010915306,-1.0726971130418523,0.6924924536582842,900005,2,Top,6,3,R,1,5.0,R,L,"Demonstration, Synthetic"
SL,2024-05-02,85.99955115458867,2434.951485362782,6.317172741483871,0.5515389093670687,0.2071521344679969,900005,2,Top,6,4,R,1,5.0,R,L,"Demonstration, Synthetic"
SL,2024-05-02,86.01005794923093,2591.5243744702307,6.224091285557129,0.3980581091470941,0.32688003138787114,900005,2,Top,7,1,R,1,5.0,R,R,"Demonstration, Synthetic"
SL,2024-05-02,85.90558983056833,2629.3206734407486,6.484205555990033,0.4387084885769352,0.22339780722837238,900005,2,Top,7,2,R,1,5.0,R,L,"Demonstration, Synthetic"
FF,2024-05-02,96.2270671330596,2403.04657667362,6.350021608327054,-0.4344233191258072,1.4255001453637293,900005,2,Top,7,3,R,1,5.0,R,L,"Demonstration, Synthetic"
SI,2024-05-02,94.7403311220865,2095.426492421198,6.353476001948116,-1.0352431614362299,0.748279302739512,900005,2,Top,7,4,R,1,5.0,R,R,"Demonstration, Synthetic"
FF,2024-05-02,95.7672592836247,2489.847873635101,6.591902516209791,-0.492951446626874,1.3060085747476047,900005,2,Top,8,1,R,1,5.0,R,L,"Demonstration, Synthetic"
FF,2024-05-02,96.0097617121635,2457.5704469783423,6.4336051732616895,-0.4216794258973156,1.3341045714744892,900005,2,Top,8,2,R,1,5.0,R,L,"Demonstration, Synthetic"
SI,2024-05-02,95.45585791559255,2369.398186038886,6.431723509278519,-1.0153600354929193,0.6987009131454971,900005,3,Top,8,3,R,1,5.0,R,L,"Demonstration, Synthetic"
FF,2024-05-02,96.10221004037042,2419.390108308084,6.186911159474207,-0.3826929509409247,1.2951335706070384,900005,3,Top,8,4,R,1,5.0,R,R,"Demonstration, Synthetic"
FF,2024-05-02,95.79314568235014,2413.5787298660653,6.169585955322076,-0.42557221180750343,1.3311461798774094,900005,3,Top,9,1,R,1,5.0,R,R,"Demonstration, Synthetic"
SL,2024-05-02,85.51917318794098,2525.3863131126495,6.267821552264987,0.4049581238097503,0.3006363442534934,900005,3,Top,9,2,R,1,5.0,R,L,"Demonstration, Synthetic"
FF,2024-05-02,96.39133072338208,2420.88868323453,6.377119560837985,-0.4721820447125265,1.2642176999417933,900005,3,Top,9,3,R,1,5.0,R,R,"Demonstration, Synthetic"
FF,2024-05-02,96.13614904798906,2512.9681345750314,6.339021863853099,-0.4058313442643367,1.2067173956152089,900005,3,Top,9,4,R,1,5.0,R,R,"Demonstration, Synthetic"
FF,2024-05-02,96.64246338002108,2376.1403139119857,6.173784588709171,-0.5408256975983985,1.292059259598551,900005,3,Top,10,1,R,2,5.0,R,R,"Demonstration, Synthetic"
SI,2024-05-02,94.87216788344314,2163.9151564750023,6.387985305829047,-1.091520896953933,0.7933364488306801,900005,3,Top,10,2,R,2,5.0,R,R,"Demonstration, Synthetic"
FF,2024-05-02,95.44022989350255,2431.5826937090123,6.4777622287880785,-0.43905664711656744,1.3768566525268255,900005,3,Top,10,3,R,2,5.0,R,L,"Demonstration, Synthetic"
SI,2024-05-02,94.84229160761062,2189.9942669381676,6.3552786641534595,-1.077864709153871,0.6891558484268833,900005,3,Top,10,4,R,2,5.0,R,L,"Demonstration, Synthetic"
SI,2024-05-02,94.39305736839952,2246.848546469407,6.473767158890529,-1.054939540691564,0.8262025760356155,900005,3,Top,11,1,R,2,5.0,R,R,"Demonstration, Synthetic"
FF,2024-05-02,95.4072900161628,2465.910458446913,6.464267064501112,-0.45810921642194496,1.3447850931779777,900005,3,Top,11,2,R,2,5.0,R,L,"Demonstration, Synthetic"
CH,2024-05-02,88.81542799645793,1839.2851151973152,6.374912747796054,-0.7779767883991467,0.6314910488262988,900005,3,Top,11,3,R,2,5.0,R,R,"Demonstration, Synthetic"
FF,2024-05-02,95.88822274736349,2499.7472648488583,6.269688949119091,-0.40634797838245207,1.3102391165050031,900005,3,Top,11,4,R,2,5.0,R,L,"Demonstration, Synthetic"
FF,2024-05-02,96.19663361045801,2437.73162615427,6.217570199681025,-0.41827035039692323,1.3226777575620445,900005,3,Top,12,1,R,2,5.0,R,L,"Demonstration, Synthetic"
FF,2024-05-02,96.61482236950324,2505.1117638173273,6.2381868895243855,-0.5077483562208651,1.3199885519245067,900005,4,Top,12,2,R,2,5.0,R,R,"Demonstration, Synthetic"
SI,2024-05-02,94.77077611120507,2247.584548979298,6.263781091356218,-1.0245451117526887,0.7511596454200434,900005,4,Top,12,3,R,2,5.0,R,R,"Demonstration, Synthetic"
FF,2024-05-02,96.1036435139344,2450.4377447166053,6.242461088238661,-0.4256317647176736,1.3353910147789163,900005,4,Top,12,4,R,2,5.0,R,R,"Demonstration, Synthetic"
CH,2024-05-02,87.94578463300115,1809.5806606107137,6.366969096090497,-0.7770985679312232,0.5467975093342894,900005,4,Top,13,1,R,2,5.0,R,L,"Demonstration, Synthetic"
FF,2024-05-02,96.48062769447921,2409.8963322559393,6.349037606408084,-0.46889619844542874,1.445600065523882,900005,4,Top,13,2,R,2,5.0,R,R,"Demonstration, Synthetic"
SL,2024-05-02,87.07924668406973,2619.365656502947,6.420946106303936,0.4092990072695314,0.2807556996058737,900005,4,Top,13,3,R,2,5.0,R,R,"Demonstration, Synthetic"
FF,2024-05-02,96.40901531246162,2416.419390471642,6.3672558971108755,-0.4525151826745397,1.325863269555979,900005,4,Top,13,4,R,2,5.0,R,R,"Demonstration, Synthetic"
FF,2024-05-02,97.03515652029749,2453.841066646626,6.265966404532116,-0.42434182686721533,1.280785555461914,900005,4,Top,14,1,R,2,5.0,R,R,"Demonstration, Synthetic"
FF,2024-05-02,95.75663605436583,2391.2736350804503,6.3758772040760485,-0.5323830395741185,1.2712882903145342,900005,4,Top,14,2,R,2,5.0,R,R,"Demonstration, Synthetic"
SI,2024-05-02,94.00788148764421,2265.6273880183257,6.436848752237925,-1.1284600139030965,0.797816621401693,900005,4,Top,14,3,R,2,5.0,R,R,"Demonstration, Synthetic"
FF,2024-05-02,95.73828574671197,2554.102139563203,6.2766333958231755,-0.4136684876865414,1.2842573121573901,900005,4,Top,14,4,R,2,5.0,R,L,"Demonstration, Synthetic"
CH,2024-05-02,88.26596973537572,1932.6955260151863,6.426370223492184,-0.751452950696864,0.5404232399487597,900005,4,Top,15,1,R,2,5.0,R,R,"Demonstration, Synthetic"
SL,2024-05-02,86.5991134403466,2486.9769949361394,6.265500400586784,0.469101553594484,0.24172706866346583,900005,4,Top,15,2,R,2,5.0,R,L,"Demonstration, Synthetic"
CH,2024-05-02,88.10878217965983,1917.551484626214,6.365096877072897,-0.842249596254471,0.6358886268356451,900005,4,Top,15,3,R,2,5.0,R,R,"Demonstration, Synthetic"
FF,2024-05-02,95.50267899051863,2468.858666260769,6.349381897511545,-0.42801978186395634,1.2451266971923647,900005,4,Top,15,4,R,2,5.0,R,L,"Demonstration, Synthetic"
SL,2024-05-02,86.72990941343338,2528.0721379037877,6.371786672090266,0.3388321310961033,0.19199238873003793,900005,5,Top,16,1,R,2,5.0,R,R,"Demonstration, Synthetic"
SI,2024-05-02,94.57632146719864,2251.3779118283037,6.449426430709459,-1.04180060962477,0.7008555201599973,900005,5,Top,16,2,R,2,5.0,R,R,"Demonstration, Synthetic"
SI,2024-05-02,94.89415799721823,2205.9598991610515,6.492483076739383,-0.9525847693216268,0.7715826899342464,900005,5,Top,16,3,R,2,5.0,R,L,"Demonstration, Synthetic"
CH,2024-05-02,88.53133992656444,1901.4474305855135,6.291274122548518,-0.7808913159922052,0.5363519423435598,900005,5,Top,16,4,R,2,5.0,R,R,"Demonstration, Synthetic"
SL,2024-05-02,86.30801674634998,2607.67672522542,6.40137223618394,0.4767557009003072,0.24384484322748523,900005,5,Top,17,1,R,2,5.0,R,R,"Demonstration, Synthetic"
CH,2024-05-02,88.72350483387577,1870.239253392908,6.3790074399757275,-0.8538810652048523,0.4036997551732227,900005,5,Top,17,2,R,2,5.0,R,R,"Demonstration, Synthetic"
SL,2024-05-02,86.60671434342673,2649.4614591822724,6.361898254073622,0.5272839642157311,0.23228699757276033,900005,5,Top,17,3,R,2,5.0,R,R,"Demonstration, Synthetic"
FF,2024-05-02,95.40296281769105,2482.8825291947983,6.313327338035747,-0.3990890336766898,1.392753788786719,900005,5,Top,17,4,R,2,5.0,R,L,"Demonstration, Synthetic"
SL,2024-05-02,86.3746567879609,2579.574229312603,6.408069469493955,0.501492160513901,0.22807029927996159,900005,5,Top,18,1,R,2,5.0,R,R,"Demonstration, Synthetic"
SI,2024-05-02,95.01459910516445,2321.5342720567783,6.348531111733247,-1.0503045105622746,0.7813437934316174,900005,5,Top,18,2,R,2,5.0,R,R,"Demonstration, Synthetic"
CH,2024-05-02,88.80273617904726,1858.126632436455,6.251285221828105,-0.8225667056271808,0.5535455956511088,900005,5,Top,18,3,R,2,5.0,R,R,"Demonstration, Synthetic"
SL,2024-05-02,85.86975660441128,2566.925605984599,6.472711773408905,0.27873918038963874,0.18843571927108477,900005,5,Top,18,4,R,2,5.0,R,R,"Demonstration, Synthetic"
FF,2024-05-02,95.99202809328762,2475.4073347769563,6.342896365285428,-0.3960824852456637,1.4012701201693538,900005,5,Top,19,1,R,3,5.0,R,R,"Demonstration, Synthetic"
FF,2024-05-02,95.63498743023733,2399.3137603041578,6.252333000320878,-0.5518145323173868,1.195172296329976,900005,5,Top,19,2,R,3,5.0,R,L,"Demonstration, Synthetic"
FF,2024-05-02,95.35243584833596,2355.2436650994437,6.0810066958380204,-0.5082247064753679,1.258948421136715,900005,5,Top,19,3,R,3,5.0,R,L,"Demonstration, Synthetic"
SI,2024-05-02,94.88899198706712,2327.969104155097,6.328481392025531,-1.040778283540356,0.6914771826691178,900005,6,Top,19,4,R,3,5.0,R,R,"Demonstration, Synthetic"
FF,2024-05-02,95.73074890107213,2376.868751751668,6.251929765344672,-0.38481633961796435,1.3092304288012857,900005,6,Top,20,1,R,3,5.0,R,R,"Demonstration, Synthetic"
SL,2024-05-02,85.58570507484512,,6.330639698321693,0.4064392947115575,0.18980396986279405,900005,6,Top,20,2,R,3,5.0,R,L,"Demonstration, Synthetic"
SI,2024-05-02,94.03671223510965,2198.0905220199893,6.524156695372637,-0.9806888607808361,0.8167098079596288,900005,6,Top,20,3,R,3,5.0,R,R,"Demonstration, Synthetic"
SL,2024-05-02,84.72899477961536,2703.636223371007,6.284309951331768,0.47593311453285225,0.2548910183048787,900005,6,Top,20,4,R,3,5.0,R,L,"Demonstration, Synthetic"
FF,2024-05-02,96.05962692997518,2502.0591501735416,6.242334980651779,-0.5075336213529622,1.3731868353814694,900005,6,Top,21,1,R,3,5.0,R,R,"Demonstration, Synthetic"
SI,2024-05-02,93.96256962634514,2173.090103076001,6.258283278316332,-1.1064088681562196,0.6452747758667695,900005,6,Top,21,2,R,3,5.0,R,L,"Demonstration, Synthetic"
FF,2024-05-02,95.73282551829962,2372.459818429174,6.3337254144062385,-0.485137224453267,1.2654382950532015,900005,6,Top,21,3,R,3,5.0,R,R,"Demonstration, Synthetic"
CH,2024-05-02,88.51612813880712,1874.1527230813238,6.310639144712635,-0.7345091728889394,0.5082888674846511,900005,6,Top,21,4,R,3,5.0,R,R,"Demonstration, Synthetic"
FF,2024-05-02,95.78431544399913,2423.2433342212043,6.3412749329149944,-0.46020521795729924,1.2206552249132645,900005,6,Top,22,1,R,3,5.0,R,L,"Demonstration, Synthetic"
FF,2024-05-02,95.99867233554369,2430.919082052888,6.234370758836191,-0.47367140272746244,1.3654255127405,900005,6,Top,22,2,R,3,5.0,R,L,"Demonstration, Synthetic"
FF,2024-05-02,95.49844900210294,2377.3293951170835,6.082850890801809,-0.49241843696840293,1.262369202973443,900005,6,Top,22,3,R,3,5.0,R,L,"Demonstration, Synthetic"
SL,2024-05-02,85.62781154809761,2588.0616667139775,6.215387616310171,0.4568910995106627,0.2234025999859318,900005,6,Top,22,4,R,3,5.0,R,L,"Demonstration, Synthetic"
FF,2024-05-02,94.26461067945247,2376.43470825505,6.266433287749388,-0.4369913415389035,1.2149114504630334,900005,6,Top,23,1,R,3,5.0,R,R,"Demonstration, Synthetic"
SI,2024-05-02,93.88822532216653,2245.6617491167767,6.286043453261468,-1.0239471992188687,0.7221976183124542,900005,6,Top,23,2,R,3,5.0,R,L,"Demonstration, Synthetic"
SL,2024-05-02,85.12562385388418,2584.2092054485056,6.2084468880613475,0.3305989182309886,0.29393384402145595,900005,7,Top,23,3,R,3,5.0,R,R,"Demonstration, Synthetic"
SL,2024-05-02,86.55092382371396,2599.24238853563,6.241291927348372,0.4449723484266754,0.29286307964070235,900005,7,Top,23,4,R,3,5.0,R,L,"Demonstration, Synthetic"
FF,2024-05-02,96.54373580095456,2349.488916696677,6.311589979428161,-0.33786833096215685,1.3268403887115172,900005,7,Top,24,1,R,3,5.0,R,L,"Demonstration, Synthetic"
FF,2024-05-02,94.41105576074044,2318.102274844006,6.413070009894167,-0.4216196815069047,1.0936665871621094,900005,7,Top,24,2,R,3,5.0,R,L,"Demonstration, Synthetic"
FF,2024-05-02,95.43135151400841,2422.3066083599915,6.214498066583016,-0.5113489423672565,1.2465732758171435,900005,7,Top,24,3,R,3,5.0,R,R,"Demonstration, Synthetic"
FF,2024-05-02,94.63804918466475,2354.555017180949,6.305053248586587,-0.4282818017301825,1.155637042871835,900005,7,Top,24,4,R,3,5.0,R,R,"Demonstration, Synthetic"
SL,2024-05-02,85.86219823444291,2560.174216056161,6.13944921398843,0.24510071609283976,0.2838332155802628,900005,7,Top,25,1,R,3,5.0,R,L,"Demonstration, Synthetic"
FF,2024-05-02,95.13025072370358,2446.182288018174,6.342693877042229,-0.4579478182923889,1.2198348657861362,900005,7,Top,25,2,R,3,5.0,R,L,"Demonstration, Synthetic"
FF,2024-05-02,94.91326840256578,2395.964969428229,6.350419707020759,-0.45818611135602183,1.1638762876722135,900005,7,Top,25,3,R,3,5.0,R,R,"Demonstration, Synthetic"
FF,2024-05-02,94.84656313061686,2327.4988071247412,6.275374488772318,-0.453041018549297,1.2407139661830597,900005,7,Top,25,4,R,3,5.0,R,R,"Demonstration, Synthetic"
SI,2024-05-02,94.56896935209527,2175.5632562563524,6.255716934917236,-0.9666526428331809,0.6326639195079585,900005,7,Top,26,1,R,3,5.0,R,L,"Demonstration, Synthetic"
FF,2024-05-02,94.51295819345027,2317.899468689173,6.325646398955207,-0.4676052271603917,1.2109628636207634,900005,7,Top,26,2,R,3,5.0,R,R,"Demonstration, Synthetic"
SL,2024-05-02,84.82063021819977,2634.4499332439045,6.106715586744814,0.362699872814313,0.18905399692847355,900005,7,Top,26,3,R,3,5.0,R,L,"Demonstration, Synthetic"
FF,2024-05-02,94.22151413732301,2308.6803964700466,6.3560336319928155,-0.4031047157831339,1.2457280603303518,900005,7,Top,26,4,R,3,5.0,R,R,"Demonstration, Synthetic"
CH,2024-05-02,87.68340800782141,1698.354477662093,6.326954142378133,-0.7044179549718809,0.559346741749,900005,7,Top,27,1,R,3,5.0,R,R,"Demonstration, Synthetic"
SL,2024-05-02,85.28957763825402,2548.3957391062595,6.417970231756785,0.32033998577978323,0.22261939104466436,900005,8,Top,27,2,R,3,5.0,R,L,"Demonstration, Synthetic"
FF,2024-05-02,94.33021024589902,2253.3170528228197,6.2346368222356805,-0.5211874295763731,1.2647371636202824,900005,8,Top,27,3,R,3,5.0,R,L,"Demonstration, Synthetic"
FF,2024-05-08,95.37696148199917,2489.5778835775072,6.40012611118328,-0.43472675246923653,1.2707134734796839,900006,1,Top,1,1,R,1,5.0,R,L,"Demonstration, Synthetic"
SL,2024-05-08,85.16293538986868,2608.179343589354,6.323394945481731,0.47037555739531106,0.239313791990822,900006,1,Top,1,2,R,1,5.0,R,L,"Demonstration, Synthetic"
SI,2024-05-08,93.98111393958447,2314.28920038941,6.300384123635687,-1.0411092673277151,0.7836997084681642,900006,1,Top,1,3,R,1,5.0,R,R,"Demonstration, Synthetic"
CH,2024-05-08,87.78936204018122,1803.6936832321096,6.213076849985342,-0.6859675846739535,0.4636734923655881,900006,1,Top,1,4,R,1,5.0,R,L,"Demonstration, Synthetic"
FF,2024-05-08,95.45797231056055,2475.3473963728534,6.4161802120912395,-0.5436220484365857,1.2960502726795646,900006,1,Top,2,1,R,1,5.0,R,R,"Demonstration, Synthetic"
SL,2024-05-08,86.21255891450357,2555.975633765643,6.32253953905305,0.49684086539554667,0.2529844399266759,900006,1,Top,2,2,R,1,5.0,R,R,"Demonstration, Synthetic"
SI,2024-05-08,93.86097245599551,2233.233113939331,6.384278634292467,-1.0359212287377144,0.6545610181038349,900006,1,Top,2,3,R,1,5.0,R,L,"Demonstration, Synthetic"
CH,2024-05-08,87.84034896844628,1877.604489458374,6.412474526248735,-0.8762571702443336,0.46530776472542895,900006,1,Top,2,4,R,1,5.0,R,R,"Demonstration, Synthetic"
SL,2024-05-08,85.49413369879495,2599.959197299963,6.2752847637882985,0.41937354906556323,0.17856565983320138,900006,1,Top,3,1,R,1,5.0,R,R,"Demonstration, Synthetic"
FF,2024-05-08,95.50306733250851,2399.5111750155893,6.266531985310614,-0.4755780952808281,1.142549993349915,900006,1,Top,3,2,R,1,5.0,R,R,"Demonstration, Synthetic"
CH,2024-05-08,86.7899428485661,1838.9422525765397,6.442949308869084,-0.7507640423001407,0.6251226138219198,900006,1,Top,3,3,R,1,5.0,R,L,"Demonstration, Synthetic"
FF,2024-05-08,96.03763204529629,2515.903294216679,6.288306979032004,-0.5490841099453762,1.2325515689101385,900006,1,Top,3,4,R,1,5.0,R,L,"Demonstration, Synthetic"
FF,2024-05-08,94.82741518759619,2396.4205514658556,6.179832196510731,-0.3676567539513855,1.354228007764086,900006,1,Top,4,1,R,1,5.0,R,R,"Demonstration, Synthetic"
SL,2024-05-08,85.89658550597761,2599.805023174415,6.361857847694678,0.5157092448787558,0.20615725148792677,900006,1,Top,4,2,R,1,5.0,R,L,"Demonstration, Synthetic"
SL,2024-05-08,85.50826256851616,2598.8398385109945,6.355829459026279,0.4520644497591317,0.18709434144792847,900006,1,Top,4,3,R,1,5.0,R,L,"Demonstration, Synthetic"
FF,2024-05-08,95.55363458709249,2386.5349614951933,6.3786482890127365,-0.57714623641304,1.3534545888957676,900006,2,Top,4,4,R,1,5.0,R,R,"Demonstration, Synthetic"
SI,2024-05-08,94.1719242928458,2329.2976141605086,6.503102883205473,-1.0666402925276202,0.8243309930804075,900006,2,Top,5,1,R,1,5.0,R,R,"Demonstration, Synthetic"
FF,2024-05-08,96.10233799462218,2477.002223969077,6.2951574709717555,-0.5090429113811511,1.2616854285773786,900006,2,Top,5,2,R,1,5.0,R,L,"Demonstration, Synthetic"
FF,2024-05-08,96.32164042991245,2435.6467789392286,6.271932933021199,-0.494036927496836,1.2138256349012289,900006,2,Top,5,3,R,1,5.0,R,R,"Demonstration, Synthetic"
SI,2024-05-08,93.55206918918321,2269.8035174429187,6.3499064008794495,-1.0194451209352149,0.7348345385679345,900006,2,Top,5,4,R,1,5.0,R,L,"Demonstration, Synthetic"
FF,2024-05-08,95.2047673359293,2600.269023166784,6.279779514757713,-0.3536280503990106,1.3625413190217812,900006,2,Top,6,1,R,1,5.0,R,L,"Demonstration, Synthetic"
SI,2024-05-08,94.62258224971485,2252.3763781860566,6.319607854071315,-1.0656045923673,0.7865273862917554,900006,2,Top,6,2,R,1,5.0,R,L,"Demonstration, Synthetic"
FF,2024-05-08,96.0771398126188,2434.72721042264,6.481719446038706,-0.41487082606523507,1.348198853417456,900006,2,Top,6,3,R,1,5.0,R,L,"Demonstration, Synthetic"
SL,2024-05-08,85.77756480980639,2553.9931388940336,6.23618970810002,0.4303158225944641,0.24502617859110679,900006,2,Top,6,4,R,1,5.0,R,L,"Demonstration, Synthetic"
SL,2024-05-08,86.35449317458468,2696.3128136452383,6.371074020932173,0.4548832701855047,0.19380413094338506,900006,2,Top,7,1,R,1,5.0,R,R,"Demonstration, Synthetic"
FF,2024-05-08,95.43639602850833,2450.8485051689036,6.324137392118691,-0.4251912273566567,1.3276810067191425,900006,2,Top,7,2,R,1,5.0,R,R,"Demonstration, Synthetic"
FF,2024-05-08,94.31795160206774,2480.4765241652226,6.311223837443876,-0.3852606815914573,1.1990916546023394,900006,2,Top,7,3,R,1,5.0,R,R,"Demonstration, Synthetic"
FF,2024-05-08,95.69640077260341,2553.0419789220437,6.245678699421766,-0.3523661315001857,1.2950000423802033,900006,2,Top,7,4,R,1,5.0,R,R,"Demonstration, Synthetic"
SL,2024-05-08,85.27506742239969,2688.0295302578656,6.298217766073014,0.4796958782713979,0.2125527366962236,900006,2,Top,8,1,R,1,5.0,R,R,"Demonstration, Synthetic"
SL,2024-05-08,86.47118445570871,2596.53934808846,6.364143011021052,0.3956894965953855,0.20808205512025277,900006,2,Top,8,2,R,1,5.0,R,R,"Demonstration, Synthetic"
SL,2024-05-08,86.76662656383446,2528.534977359267,6.408111721055916,0.4444774476827383,0.224082437460765,900006,3,Top,8,3,R,1,5.0,R,R,"Demonstration, Synthetic"
FF,2024-05-08,96.71087153242811,2583.8847834570834,6.461481560768805,-0.5544477858807764,1.2600428562544426,900006,3,Top,8,4,R,1,5.0,R,L,"Demonstration, Synthetic"
FF,2024-05-08,97.13356397978923,2444.8099863331267,6.263821770042019,-0.43626180386013663,1.3369904645480681,900006,3,Top,9,1,R,1,5.0,R,L,"Demonstration, Synthetic"
SI,2024-05-08,93.69386094473096,2298.929189867292,6.358518895568214,-1.0193160602295377,0.7696560350562677,900006,3,Top,9,2,R,1,5.0,R,L,"Demonstration, Synthetic"
FF,2024-05-08,95.72959062847688,2541.8195135413553,6.256259331849337,-0.48600031648266717,1.2868221308849552,900006,3,Top,9,3,R,1,5.0,R,L,"Demonstration, Synthetic"
SL,2024-05-08,85.12503384322036,2568.908370502539,6.217905779275557,0.4359029577735259,0.1618200734757817,900006,3,Top,9,4,R,1,5.0,R,L,"Demonstration, Synthetic"
FF,2024-05-08,95.8776502644775,2424.3963782651203,6.409217845088454,-0.4829656211865239,1.2737783615434,900006,3,Top,10,1,R,2,5.0,R,L,"Demonstration, Synthetic"
FF,2024-05-08,96.26968848352755,2403.590318679746,6.420735019097022,-0.41390699985936485,1.3555386772836455,900006,3,Top,10,2,R,2,5.0,R,R,"Demonstration, Synthetic"
SI,2024-05-08,94.68054427832087,2337.999310541552,6.380972942329309,-1.0470645105191907,0.7334814472582767,900006,3,Top,10,3,R,2,5.0,R,R,"Demonstration, Synthetic"
SI,2024-05-08,93.43387002461306,2229.736385921204,6.306673931056458,-0.9273106050914013,0.7124351721856564,900006,3,Top,10,4,R,2,5.0,R,R,"Demonstration, Synthetic"
SI,2024-05-08,93.84196206672986,2192.6322393322453,6.335151125215436,-0.9990680078378958,0.708074194871111,900006,3,Top,11,1,R,2,5.0,R,R,"Demonstration, Synthetic"
FF,2024-05-08,95.76282889155878,2503.4449055114233,6.609300726158143,-0.38672797820747506,1.3194926574644097,900006,3,Top,11,2,R,2,5.0,R,R,"Demonstration, Synthetic"
CH,2024-05-08,88.51594582949873,1843.6911568181808,6.468266328035218,-0.7528884615962229,0.4746603876222657,900006,3,Top,11,3,R,2,5.0,R,R,"Demonstration, Synthetic"
SL,2024-05-08,85.8101653825952,2519.3088454265553,6.39185595578158,0.5042026259088483,0.27982817442316565,900006,3,Top,11,4,R,2,5.0,R,R,"Demonstration, Synthetic"
CH,2024-05-08,86.97195315689356,1785.9975819754955,6.189730469647984,-0.7555614374094156,0.5048125363725425,900006,3,Top,12,1,R,2,5.0,R,L,"Demonstration, Synthetic"
SI,2024-05-08,94.47871853938466,2322.0425925622026,6.297107461710908,-1.1607527324776095,0.7573985642665475,900006,4,Top,12,2,R,2,5.0,R,L,"Demonstration, Synthetic"
SL,2024-05-08,84.96295786228644,2571.3942143118365,6.380629690829718,0.39031156577131493,0.3044956845560395,900006,4,Top,12,3,R,2,5.0,R,L,"Demonstration, Synthetic"
SI,2024-05-08,93.82788701561972,2274.6573826967397,6.424180040587671,-0.9437521366963463,0.7788184690334512,900006,4,Top,12,4,R,2,5.0,R,R,"Demonstration, Synthetic"
FF,2024-05-08,95.74453216314319,2472.0310039600345,6.466947268751488,-0.4944197619503227,1.2974748369018168,900006,4,Top,13,1,R,2,5.0,R,R,"Demonstration, Synthetic"
FF,2024-05-08,95.30680083457543,2475.826340037086,6.429062752248212,-0.3785069512409913,1.3907286134873154,900006,4,Top,13,2,R,2,5.0,R,L,"Demonstration, Synthetic"
SI,2024-05-08,94.84384486461178,2258.750263360969,6.4070455425481265,-1.1089473155200555,0.6879818600688653,900006,4,Top,13,3,R,2,5.0,R,R,"Demonstration, Synthetic"
FF,2024-05-08,96.21018522905901,2438.47714700354,6.410722971598802,-0.37020760509489414,1.184107833617598,900006,4,Top,13,4,R,2,5.0,R,L,"Demonstration, Synthetic"
FF,2024-05-08,95.38101930616934,2495.1547539558183,6.282761187013686,-0.44869810973640506,1.3976712381216438,900006,4,Top,14,1,R,2,5.0,R,R,"Demonstration, Synthetic"
SL,2024-05-08,85.96359218302644,2547.071309050237,6.381010061721179,0.47393877808435403,0.2682245501470797,900006,4,Top,14,2,R,2,5.0,R,L,"Demonstration, Synthetic"
FF,2024-05-08,96.07731533282079,2521.6603234339236,6.421389869960916,-0.4311019627708927,1.3678854622301637,900006,4,Top,14,3,R,2,5.0,R,R,"Demonstration, Synthetic"
SI,2024-05-08,93.22661205281427,2263.030401869956,6.343568128487529,-1.0900950344672742,0.6788131213084465,900006,4,Top,14,4,R,2,5.0,R,L,"Demonstration, Synthetic"
SI,2024-05-08,93.92426360546895,2282.77348870474,6.3736935667702985,-0.9905138344009492,0.7003820493871835,900006,4,Top,15,1,R,2,5.0,R,L,"Demonstration, Synthetic"
FF,2024-05-08,95.66773572804352,2506.4243224253264,6.315656690356197,-0.45802979146530204,1.269902286617686,900006,4,Top,15,2,R,2,5.0,R,L,"Demonstration, Synthetic"
CH,2024-05-08,87.8353904983633,1975.0357693274766,6.5095797134727285,-0.8330009347023534,0.6588805209357382,900006,4,Top,15,3,R,2,5.0,R,L,"Demonstration, Synthetic"
FF,2024-05-08,95.84278122803768,2565.82325468122,6.344749545449073,-0.48744248639275267,1.304547492997861,900006,4,Top,15,4,R,2,5.0,R,L,"Demonstration, Synthetic"
CH,2024-05-08,88.36168038993176,1849.1477569852163,6.324670175595051,-0.8150469520506665,0.6095485968149832,900006,5,Top,16,1,R,2,5.0,R,R,"Demonstration, Synthetic"
SL,2024-05-08,85.87746149543834,2556.635216605056,6.47220256518058,0.5187594184987536,0.1748888672692053,900006,5,Top,16,2,R,2,5.0,R,L,"Demonstration, Synthetic"
FF,2024-05-08,96.46548601209508,2389.5107689451816,6.236191948097359,-0.5471319175968115,1.2502867507939839,900006,5,Top,16,3,R,2,5.0,R,L,"Demonstration, Synthetic"
FF,2024-05-08,96.217698207549,2487.749063341649,6.206453152461285,-0.3780698076984638,1.2794542807972227,900006,5,Top,16,4,R,2,5.0,R,L,"Demonstration, Synthetic"
FF,2024-05-08,95.72477918388084,2358.7773472603917,6.437460082999873,-0.5438552773564659,1.2982051529120942,900006,5,Top,17,1,R,2,5.0,R,R,"Demonstration, Synthetic"
FF,2024-05-08,96.187210930402,2475.0572428735377,6.299697643655329,-0.3924764108586726,1.3761940952486231,900006,5,Top,17,2,R,2,5.0,R,R,"Demonstration, Synthetic"
FF,2024-05-08,95.40318054853215,2479.4024198063994,6.2431381137979916,-0.3909026546334202,1.2207494703465345,900006,5,Top,17,3,R,2,5.0,R,R,"Demonstration, Synthetic"
CH,2024-05-08,87.32458606543211,1840.3919362427837,6.282733304893771,-0.7884650712742134,0.606533428657185,900006,5,Top,17,4,R,2,5.0,R,L,"Demonstration, Synthetic"
FF,2024-05-08,94.92183240140567,2336.41372201438,6.416504899456539,-0.502532672838554,1.2486011069090606,900006,5,Top,18,1,R,2,5.0,R,L,"Demonstration, Synthetic"
SL,2024-05-08,85.77354588293021,2585.2470689832126,6.332038596305377,0.3657965386535651,0.29121716901861133,900006,5,Top,18,2,R,2,5.0,R,L,"Demonstration, Synthetic"
FF,2024-05-08,94.59027734486965,2504.712761350955,6.327277919785354,-0.3672028387029441,1.295096528196963,900006,5,Top,18,3,R,2,5.0,R,L,"Demonstration, Synthetic"
CH,2024-05-08,87.07515996845342,1780.827443852267,6.26946845938974,-0.7557179482349587,0.4317087586067927,900006,5,Top,18,4,R,2,5.0,R,R,"Demonstration, Synthetic"
FF,2024-05-08,95.54326537973395,2464.572552424128,6.312110118603489,-0.5074889226093253,1.2733954735265025,900006,5,Top,19,1,R,3,5.0,R,R,"Demonstration, Synthetic"
FF,2024-05-08,95.94223735697325,2453.000095154965,6.352241411244229,-0.38759547860428883,1.2621513157661917,900006,5,Top,19,2,R,3,5.0,R,R,"Demonstration, Synthetic"
SI,2024-05-08,93.9405783926354,2249.588672903092,6.235104624853165,-1.085257660948578,0.7755245580610973,900006,5,Top,19,3,R,3,5.0,R,L,"Demonstration, Synthetic"
FF,2024-05-08,94.89365609094118,2352.132349017166,6.318820414096025,-0.3567933350525612,1.324789234041377,900006,6,Top,19,4,R,3,5.0,R,R,"Demonstration, Synthetic"
SL,2024-05-08,84.9141492260017,2704.471373299703,6.257230218381713,0.42590993679560313,0.1038269631424864,900006,6,Top,20,1,R,3,5.0,R,L,"Demonstration, Synthetic"
FF,2024-05-08,95.23453051592294,2375.602902426831,6.264444269778453,-0.40515234927822574,1.316095783589426,900006,6,Top,20,2,R,3,5.0,R,L,"Demonstration, Synthetic"
SI,2024-05-08,93.15985242630086,2176.3534234001427,6.250602435166114,-1.0220300294036389,0.6764770392384112,900006,6,Top,20,3,R,3,5.0,R,L,"Demonstration, Synthetic"
SI,2024-05-08,93.85571221939888,2126.153505697131,6.339689227873585,-1.0242683320856845,0.6396856202099164,900006,6,Top,20,4,R,3,5.0,R,L,"Demonstration, Synthetic"
SI,2024-05-08,93.65536019863325,2176.7250662992983,6.419043309789681,-0.9748142272389242,0.6718489332090783,900006,6,Top,21,1,R,3,5.0,R,L,"Demonstration, Synthetic"
FF,2024-05-08,95.30482485686314,2442.2196538982726,6.289669869124379,-0.5226272094008667,1.2927321634782285,900006,6,Top,21,2,R,3,5.0,R,L,"Demonstration, Synthetic"
FF,2024-05-08,94.51020818413166,2383.200954102921,6.348810440303769,-0.4400070380705356,1.2735869306368937,900006,6,Top,21,3,R,3,5.0,R,R,"Demonstration, Synthetic"
FF,2024-05-08,93.75259587338233,2320.351935062289,6.342679380679232,-0.509502601424806,1.2697341825937392,900006,6,Top,21,4,R,3,5.0,R,R,"Demonstration, Synthetic"
FF,2024-05-08,94.74009163729058,2431.952934528014,6.42862243366302,-0.333281119200941,1.319199385641617,900006,6,Top,22,1,R,3,5.0,R,L,"Demonstration, Synthetic"
FF,2024-05-08,94.65351902419964,2324.8680847250503,6.337342262021827,-0.473480607291127,1.2477640132296044,900006,6,Top,22,2,R,3,5.0,R,R,"Demonstration, Synthetic"
CH,2024-05-08,87.08135562142617,1832.408075947101,6.182537243831184,-0.6756328976060123,0.6808752501414016,900006,6,Top,22,3,R,3,5.0,R,R,"Demonstration, Synthetic"
SI,2024-05-08,93.63974564714259,2098.9405138425427,6.394789248934503,-1.0860234380725113,0.7162900307490659,900006,6,Top,22,4,R,3,5.0,R,R,"Demonstration, Synthetic"
SI,2024-05-08,92.61273816216361,2238.597599333582,6.334695804756231,-0.9442922420897258,0.7177445122952903,900006,6,Top,23,1,R,3,5.0,R,R,"Demonstration, Synthetic"
FF,2024-05-08,95.05405354066079,2348.9580700872407,6.313499667825156,-0.40356788403588706,1.3409869088796766,900006,6,Top,23,2,R,3,5.0,R,L,"Demonstration, Synthetic"
FF,2024-05-08,94.24849885987273,2341.3182925696374,6.342650922821796,-0.44360395325423907,1.1894880315501686,900006,7,Top,23,3,R,3,5.0,R,R,"Demonstration, Synthetic"
SI,2024-05-08,93.45607684750888,2185.672020102441,6.314391711308787,-0.9881524989595666,0.7082566487224842,900006,7,Top,23,4,R,3,5.0,R,R,"Demonstration, Synthetic"
FF,2024-05-08,95.2464840718098,2390.7744928578595,6.382374583581857,-0.3931296520589035,1.2681080163575793,900006,7,Top,24,1,R,3,5.0,R,L,"Demonstration, Synthetic"
FF,2024-05-08,94.44204123003264,2287.4269574624363,6.290856517955573,-0.40229781797905045,1.2988598118726613,900006,7,Top,24,2,R,3,5.0,R,L,"Demonstration, Synthetic"
FF,2024-05-08,94.72144037681083,2322.4000855314143,6.238738324629334,-0.4362726701371343,1.2355971631995062,900006,7,Top,24,3,R,3,5.0,R,R,"Demonstration, Synthetic"
SI,2024-05-08,93.23045236335619,2194.9244009955096,6.32050785203402,-1.1026786023714086,0.6862560004332698,900006,7,Top,24,4,R,3,5.0,R,L,"Demonstration, Synthetic"
CH,2024-05-08,87.68743523635688,1828.55050043818,6.122864898579015,-0.7214786078610282,0.6389098636777262,900006,7,Top,25,1,R,3,5.0,R,R,"Demonstration, Synthetic"
FF,2024-05-08,94.67560870762377,2457.7601989169584,6.26180810991902,-0.568948272914677,1.2630682696343871,900006,7,Top,25,2,R,3,5.0,R,L,"Demonstration, Synthetic"
SI,2024-05-08,92.84576468007538,2180.0526552484025,6.111088819582318,-0.9555681586597762,0.8171852351667777,900006,7,Top,25,3,R,3,5.0,R,R,"Demonstration, Synthetic"
FF,2024-05-08,93.73530469793539,2224.588071075913,6.130061963897588,-0.4240386048266377,1.2562649483108315,900006,7,Top,25,4,R,3,5.0,R,R,"Demonstration, Synthetic"
FF,2024-05-08,93.83625283407314,2401.7133498529092,6.241198241121281,-0.5430480705391819,1.2109042706227755,900006,7,Top,26,1,R,3,5.0,R,R,"Demonstration, Synthetic"
FF,2024-05-14,96.40448308435785,2228.43371502934,6.302343737966927,-0.3343578146861863,1.2791541297708284,900007,1,Top,1,1,R,1,5.0,R,L,"Demonstration, Synthetic"
SL,2024-05-14,86.08221426018024,2568.337472324154,6.36195872805916,0.5222269291815268,0.2851083674476646,900007,1,Top,1,2,R,1,5.0,R,L,"Demonstration, Synthetic"
SI,2024-05-14,94.78496393463078,2322.175413203235,6.359340807029805,-1.039762374982855,0.828625770049891,900007,1,Top,1,3,R,1,5.0,R,R,"Demonstration, Synthetic"
CH,2024-05-14,87.56435034513987,1831.909358618742,6.308575999784162,-0.8033562196436254,0.6561449995462072,900007,1,Top,1,4,R,1,5.0,R,L,"Demonstration, Synthetic"
FF,2024-05-14,96.79248628715777,2390.714896837663,6.4401288278903355,-0.44831100538654783,1.2734484120676701,900007,1,Top,2,1,R,1,5.0,R,R,"Demonstration, Synthetic"
SL,2024-05-14,87.22348323483587,2535.4337367628955,6.366428454580117,0.4034634312443037,0.27462212216029225,900007,1,Top,2,2,R,1,5.0,R,R,"Demonstration, Synthetic"
SI,2024-05-14,95.16916743147092,2159.382470156028,6.325127466234194,-1.0726341404457764,0.6923060765326903,900007,1,Top,2,3,R,1,5.0,R,L,"Demonstration, Synthetic"
CH,2024-05-14,89.04084795779887,1813.4460551099926,6.38731942533996,-0.7656562935182389,0.6030039741359456,900007,1,Top,2,4,R,1,5.0,R,L,"Demonstration, Synthetic"
SL,2024-05-14,86.00347228676195,2573.1478530682134,6.385077089982133,0.47050145315748987,0.22704038434814788,900007,1,Top,3,1,R,1,5.0,R,L,"Demonstration, Synthetic"
FF,2024-05-14,95.22522824030686,2459.505408702758,6.3906129415110975,-0.39207947326543346,1.4517013885125372,900007,1,Top,3,2,R,1,5.0,R,R,"Demonstration, Synthetic"
FF,2024-05-14,96.23275503432083,2414.9837267243106,6.366185454444668,-0.498677780087205,1.2895042070797695,900007,1,Top,3,3,R,1,5.0,R,R,"Demonstration, Synthetic"
SI,2024-05-14,94.61597187052884,2310.214488609161,6.235864526296178,-1.0849412159676945,0.7332245307889483,900007,1,Top,3,4,R,1,5.0,R,R,"Demonstration, Synthetic"
SL,2024-05-14,86.48430817173636,2631.182613508963,6.4269731634516996,0.5367662465965883,0.28418247289136184,900007,1,Top,4,1,R,1,5.0,R,L,"Demonstration, Synthetic"
SI,2024-05-14,94.94391852143076,2315.5922739065786,6.233629792237111,-1.100487609185679,0.7335087537581709,900007,1,Top,4,2,R,1,5.0,R,R,"Demonstration, Synthetic"
SI,2024-05-14,95.26392050100432,2248.6124827604135,6.445933637494176,-0.9776675661311829,0.687780365720477,900007,1,Top,4,3,R,1,5.0,R,L,"Demonstration, Synthetic"
SL,2024-05-14,85.84099297954846,2569.625161363864,6.218074693491264,0.43275173207664985,0.32948421793763505,900007,2,Top,4,4,R,1,5.0,R,R,"Demonstration, Synthetic"
SL,2024-05-14,87.30755224093166,2731.157609154383,6.364201698041364,0.4513488177692242,0.1732365947247102,900007,2,Top,5,1,R,1,5.0,R,L,"Demonstration, Synthetic"
SL,2024-05-14,86.7475975898131,2567.361866618869,6.4426578135036765,0.5179230820326407,0.22826853195670113,900007,2,Top,5,2,R,1,5.0,R,L,"Demonstration, Synthetic"
FF,2024-05-14,96.87831796008429,2446.10946414977,6.379451724415873,-0.3315065348785585,1.3538316650819837,900007,2,Top,5,3,R,1,5.0,R,L,"Demonstration, Synthetic"
SL,2024-05-14,87.09178563121091,2653.8662413983834,6.444951307567926,0.45154046721948,0.23699840475664477,900007,2,Top,5,4,R,1,5.0,R,L,"Demonstration, Synthetic"
SI,2024-05-14,94.8507822177041,2358.808342192618,6.354111828345367,-1.0696734637578729,0.7402719296013649,900007,2,Top,6,1,R,1,5.0,R,L,"Demonstration, Synthetic"
FF,2024-05-14,96.15786071564453,2561.6764997555883,6.280769787167479,-0.4070021360116107,1.382000750723097,900007,2,Top,6,2,R,1,5.0,R,L,"Demonstration, Synthetic"
SL,2024-05-14,86.05890276456545,2613.2186941052214,6.392241494375561,0.4688379091499529,0.2534958632350892,900007,2,Top,6,3,R,1,5.0,R,R,"Demonstration, Synthetic"
SL,2024-05-14,86.0162084590096,2629.3749484205873,6.486588961093724,0.612632806130783,0.17773798308795738,900007,2,Top,6,4,R,1,5.0,R,L,"Demonstration, Synthetic"
SI,2024-05-14,95.06258156450495,2187.7850661924704,6.397300235363861,-1.039678131793172,0.7817361328174739,900007,2,Top,7,1,R,1,5.0,R,R,"Demonstration, Synthetic"
SL,2024-05-14,85.37218307654858,2584.13201983608,6.257095183622192,0.3827060363233405,0.2958464934210265,900007,2,Top,7,2,R,1,5.0,R,L,"Demonstration, Synthetic"
FF,2024-05-14,95.42049490990229,2489.718978004806,6.403057235220519,-0.6167201784999631,1.3734777614559883,900007,2,Top,7,3,R,1,5.0,R,L,"Demonstration, Synthetic"
FF,2024-05-14,96.63608070248942,2504.8174179751236,6.606652873113319,-0.5863906578072675,1.3417226288716388,900007,2,Top,7,4,R,1,5.0,R,L,"Demonstration, Synthetic"
FF,2024-05-14,96.03335628070215,2409.9645070517818,6.360382585796947,-0.5047011765796943,1.3468324665697902,900007,2,Top,8,1,R,1,5.0,R,R,"Demonstration, Synthetic"
FF,2024-05-14,95.45931539405358,2530.706422088418,6.4775949458672555,-0.4540405591685492,1.4144581582265217,900007,2,Top,8,2,R,1,5.0,R,R,"Demonstration, Synthetic"
SL,2024-05-14,86.19070513024558,2548.120529188882,6.472104255998914,0.4762510628020269,0.2605775572657876,900007,3,Top,8,3,R,1,5.0,R,L,"Demonstration, Synthetic"
SL,2024-05-14,86.13438548758985,2596.7137926694486,6.318400218296146,0.4161295700631788,0.21677409076983029,900007,3,Top,8,4,R,1,5.0,R,L,"Demonstration, Synthetic"
SL,2024-05-14,86.03343927413466,2551.225604958779,6.406352933484487,0.3012746089259499,0.28409867853795273,900007,3,Top,9,1,R,1,5.0,R,R,"Demonstration, Synthetic"
FF,2024-05-14,95.8946107973773,2418.7063985121167,6.180090006408931,-0.39466512352968375,1.3145810536808917,900007,3,Top,9,2,R,1,5.0,R,L,"Demonstration, Synthetic"
FF,2024-05-14,96.24007541859973,2387.1979508152917,6.479075276818028,-0.4378100113955377,1.2170343036344304,900007,3,Top,9,3,R,1,5.0,R,R,"Demonstration, Synthetic"
FF,2024-05-14,96.4238388443647,2446.5327074539628,6.111134197271205,-0.4172854677342926,1.2397912354297551,900007,3,Top,9,4,R,1,5.0,R,L,"Demonstration, Synthetic"
SL,2024-05-14,85.34505430626939,2587.7492283257184,6.406366113364604,0.495800330851896,0.25281857177796985,900007,3,Top,10,1,R,2,5.0,R,R,"Demonstration, Synthetic"
FF,2024-05-14,95.40722002968903,2386.340429727696,6.435157636865534,-0.4599119495478262,1.2942499300214285,900007,3,Top,10,2,R,2,5.0,R,R,"Demonstration, Synthetic"
SI,2024-05-14,93.99113007703811,2240.463419041642,6.389890869380148,-1.0446592647792587,0.7113746631700616,900007,3,Top,10,3,R,2,5.0,R,L,"Demonstration, Synthetic"
SL,2024-05-14,86.90993579508225,2456.853310016394,6.465195451128053,0.47338840323231135,0.23189915343214926,900007,3,Top,10,4,R,2,5.0,R,R,"Demonstration, Synthetic"
SL,2024-05-14,85.74512989258655,2580.309823396133,6.41059390544403,0.5779896310801994,0.2462870058923563,900007,3,Top,11,1,R,2,5.0,R,R,"Demonstration, Synthetic"
FF,2024-05-14,96.10392875330605,2362.591591489433,6.420146471685124,-0.48201805494956096,1.34983741285239,900007,3,Top,11,2,R,2,5.0,R,L,"Demonstration, Synthetic"
FF,2024-05-14,95.55802082860392,2402.3872364039435,6.509148764686529,-0.45578290881350925,1.3386708453209317,900007,3,Top,11,3,R,2,5.0,R,L,"Demonstration, Synthetic"
SL,2024-05-14,86.66117933522908,2531.6246915713114,6.308341456688137,0.3977680816362351,0.2593278546621486,900007,3,Top,11,4,R,2,5.0,R,R,"Demonstration, Synthetic"
SI,2024-05-14,95.42117404025659,2255.8534076653686,6.378300038269799,-1.011360439288126,0.7931565142152193,900007,3,Top,12,1,R,2,5.0,R,L,"Demonstration, Synthetic"
FF,2024-05-14,95.49317695647507,2387.3834154194797,6.413636789989632,-0.4325969945001747,1.304769763785487,900007,4,Top,12,2,R,2,5.0,R,L,"Demonstration, Synthetic"
CH,2024-05-14,89.11747704205776,1983.6059958102103,6.234060681547894,-0.8487440695133922,0.41782903704942226,900007,4,Top,12,3,R,2,5.0,R,R,"Demonstration, Synthetic"
SI,2024-05-14,93.97380009496335,2178.4183066472697,6.4121884050190285,-1.0073121809059473,0.8587220334647271,900007,4,Top,12,4,R,2,5.0,R,R,"Demonstration, Synthetic"
SI,2024-05-14,94.47178818829411,2264.223259118042,6.308492374937505,-1.0221330025502748,0.8110213083850915,900007,4,Top,13,1,R,2,5.0,R,R,"Demonstration, Synthetic"
FF,2024-05-14,96.11144605339533,2395.217202305855,6.324032248328239,-0.4925106892091351,1.266403852338307,900007,4,Top,13,2,R,2,5.0,R,L,"Demonstration, Synthetic"
FF,2024-05-14,96.00672842710932,2469.9816998221118,6.545678288915042,-0.37169937066921455,1.2567362731120726,900007,4,Top,13,3,R,2,5.0,R,R,"Demonstration, Synthetic"
FF,2024-05-14,95.79601844274397,2436.0741046808907,6.385105321868935,-0.36287471207764116,1.2211823134597504,900007,4,Top,13,4,R,2,5.0,R,R,"Demonstration, Synthetic"
FF,2024-05-14,97.09187053908511,2418.594693905675,6.430136737601186,-0.39334065887290415,1.284138058389196,900007,4,Top,14,1,R,2,5.0,R,L,"Demonstration, Synthetic"
SI,2024-05-14,94.86831312951529,2155.639148105249,6.452879789174262,-1.0626497828013701,0.7414932512279762,900007,4,Top,14,2,R,2,5.0,R,L,"Demonstration, Synthetic"
SI,2024-05-14,94.98591386340148,2307.9733424079614,6.348360355026173,-1.1135182360772218,0.624923654840756,900007,4,Top,14,3,R,2,5.0,R,R,"Demonstration, Synthetic"
CH,2024-05-14,88.3031875003287,1944.1013439128146,6.5069604531073795,-0.8025764649774048,0.6071982130985669,900007,4,Top,14,4,R,2,5.0,R,R,"Demonstration, Synthetic"
CH,2024-05-14,87.14355302458739,1816.5510754465304,6.452967380795752,-0.838497946348281,0.5019136732146883,900007,4,Top,15,1,R,2,5.0,R,L,"Demonstration, Synthetic"
FF,2024-05-14,97.13762076760197,2436.7166366251417,6.217130649935833,-0.47126687975857695,1.2379385337943782,900007,4,Top,15,2,R,2,5.0,R,R,"Demonstration, Synthetic"
FF,2024-05-14,96.16744199789075,2468.6285805741054,6.311806510287383,-0.3531452343375062,1.3328175709009624,900007,4,Top,15,3,R,2,5.0,R,R,"Demonstration, Synthetic"
SL,2024-05-14,87.1325481795554,2426.6503639278617,6.4560903256029345,0.33917462484478184,0.23119445003898437,900007,4,Top,15,4,R,2,5.0,R,R,"Demonstration, Synthetic"
CH,2024-05-14,87.76406505053598,1961.2216014235867,6.352732635483263,-0.9564419317441091,0.48490232179260545,900007,5,Top,16,1,R,2,5.0,R,L,"Demonstration, Synthetic"
CH,2024-05-14,87.9496523715099,1904.968898949466,6.430774859081505,-0.8870871994623963,0.5637509700870504,900007,5,Top,16,2,R,2,5.0,R,R,"Demonstration, Synthetic"
FF,2024-05-14,96.05023863198703,2561.4347208231793,6.4183967802531745,-0.5295809200829606,1.2867470076069485,900007,5,Top,16,3,R,2,5.0,R,R,"Demonstration, Synthetic"
FF,2024-05-14,96.39860443204651,2440.9707321741685,6.290105415317705,-0.44179804780036724,1.3894264968460315,900007,5,Top,16,4,R,2,5.0,R,L,"Demonstration, Synthetic"
FF,2024-05-14,96.10236451160542,2459.435840725806,6.219547390220048,-0.3653542287412678,1.2535388859467091,900007,5,Top,17,1,R,2,5.0,R,L,"Demonstration, Synthetic"
SL,2024-05-14,86.05198448735054,2558.210520476912,6.297459627848339,0.522157395027928,0.30928307620867546,900007,5,Top,17,2,R,2,5.0,R,L,"Demonstration, Synthetic"
SI,2024-05-14,94.564590457902,2294.274785737411,6.292070048602894,-0.9928161030419845,0.7062952001299588,900007,5,Top,17,3,R,2,5.0,R,R,"Demonstration, Synthetic"
SI,2024-05-14,94.90079636912114,2221.6707790592113,6.344409153695166,-1.0634644988571187,0.7450485931314917,900007,5,Top,17,4,R,2,5.0,R,R,"Demonstration, Synthetic"
SI,2024-05-14,94.50954454832905,2196.514605561114,6.409166815642212,-1.050110722432286,0.8542979456696234,900007,5,Top,18,1,R,2,5.0,R,R,"Demonstration, Synthetic"
FF,2024-05-14,95.29061903345122,2421.550563503657,6.254561852259305,-0.47869001338434564,1.3590497909310078,900007,5,Top,18,2,R,2,5.0,R,L,"Demonstration, Synthetic"
SI,2024-05-14,95.18517194299535,2202.898127674979,6.435430596872621,-1.0923653998341094,0.7139850827883807,900007,5,Top,18,3,R,2,5.0,R,L,"Demonstration, Synthetic"
FF,2024-05-14,96.18341394064586,2447.4740799800015,6.413083925388649,-0.47987697425569587,1.300426397517196,900007,5,Top,18,4,R,2,5.0,R,L,"Demonstration, Synthetic"
SL,2024-05-14,85.42169988574271,2513.38133551261,6.251313560245856,0.41117399535118176,0.2758271722727682,900007,5,Top,19,1,R,3,5.0,R,R,"Demonstration, Synthetic"
SL,2024-05-14,85.38406480963918,2545.2528218770535,6.361804257426712,0.5122132057174986,0.24209775754071933,900007,5,Top,19,2,R,3,5.0,R,L,"Demonstration, Synthetic"
SL,2024-05-14,86.17027929837404,2610.273622959012,6.573150864299588,0.43633942673311676,0.23935249797702016,900007,5,Top,19,3,R,3,5.0,R,L,"Demonstration, Synthetic"
FF,2024-05-14,94.63591561748696,2528.3466234328675,6.367571907013019,-0.2887541912854995,1.317326462805568,900007,6,Top,19,4,R,3,5.0,R,L,"Demonstration, Synthetic"
SL,2024-05-14,86.46035269005613,2601.5189255872097,6.2435293929577655,0.44689461808152137,0.19433319988048914,900007,6,Top,20,1,R,3,5.0,R,L,"Demonstration, Synthetic"
SL,2024-05-14,85.57818973181871,2678.399791980932,6.225881762329062,0.32950791081603387,0.1703731619886388,900007,6,Top,20,2,R,3,5.0,R,R,"Demonstration, Synthetic"
FF,2024-05-14,96.2984678475522,2477.315194966973,6.257599966221742,-0.45546070337279276,1.209745396779765,900007,6,Top,20,3,R,3,5.0,R,R,"Demonstration, Synthetic"
FF,2024-05-14,95.33644912626241,2547.3381899128967,6.413682387764003,-0.5273667312855361,1.306701034418265,900007,6,Top,20,4,R,3,5.0,R,L,"Demonstration, Synthetic"
SL,2024-05-14,86.62584006454831,2582.684872933194,6.465874124328091,0.43620196721793103,0.212457329042046,900007,6,Top,21,1,R,3,5.0,R,R,"Demonstration, Synthetic"
FF,2024-05-14,95.29737138097128,2469.3026697778664,6.315715181676357,-0.46947015076312526,1.2858492159011474,900007,6,Top,21,2,R,3,5.0,R,R,"Demonstration, Synthetic"
FF,2024-05-14,95.86396619491035,2395.2960916274747,6.324166691531642,-0.3522998537273174,1.2771212571891832,900007,6,Top,21,3,R,3,5.0,R,L,"Demonstration, Synthetic"
FF,2024-05-14,94.45347154780205,2284.657882273854,6.332847133302739,-0.5197649687920476,1.340754641955163,900007,6,Top,21,4,R,3,5.0,R,R,"Demonstration, Synthetic"
FF,2024-05-14,95.59129111837676,2382.1278502583914,6.235640174436607,-0.4965226802441929,1.3349009952363209,900007,6,Top,22,1,R,3,5.0,R,R,"Demonstration, Synthetic"
SI,2024-05-14,93.9648942183002,2180.129587163862,6.328141052036134,-1.0681408741425273,0.8521739165346374,900007,6,Top,22,2,R,3,5.0,R,R,"Demonstration, Synthetic"
SI,2024-05-14,94.31601353472145,2293.9410612517486,6.3537378799220905,-0.9488488946909973,0.6764625775701513,900007,6,Top,22,3,R,3,5.0,R,L,"Demonstration, Synthetic"
FF,2024-05-14,95.18326583143529,2510.2185903092436,6.250624268601587,-0.456296175131106,1.3608253679359494,900007,6,Top,22,4,R,3,5.0,R,R,"Demonstration, Synthetic"
SL,2024-05-14,85.90439016363347,2505.1622765797,6.459629619923402,0.40785368173044884,0.24917686823425417,900007,6,Top,23,1,R,3,5.0,R,R,"Demonstration, Synthetic"
FF,2024-05-14,95.41138510640147,2394.3145759621,6.313377926679387,-0.4377032797479551,1.23107814052402,900007,6,Top,23,2,R,3,5.0,R,L,"Demonstration, Synthetic"
FF,2024-05-14,95.2863169569907,2429.7013392821295,6.450956111584756,-0.3444887106813421,1.1623723234397607,900007,7,Top,23,3,R,3,5.0,R,L,"Demonstration, Synthetic"
FF,2024-05-14,94.3268921744315,2407.194298136097,6.313325276117879,-0.43359101370697795,1.3657195245162268,900007,7,Top,23,4,R,3,5.0,R,L,"Demonstration, Synthetic"
SL,2024-05-14,85.02316245621674,2636.7202200462284,6.337732956784759,0.4973838468364425,0.18275643643553646,900007,7,Top,24,1,R,3,5.0,R,R,"Demonstration, Synthetic"
CH,2024-05-14,88.12832985630664,1719.59735372061,6.242703320069109,-0.7824620823566283,0.459882276102237,900007,7,Top,24,2,R,3,5.0,R,L,"Demonstration, Synthetic"
SI,2024-05-14,93.19149919121479,2286.277209553932,6.24981824400656,-1.1017456572699937,0.6576504184715872,900007,7,Top,24,3,R,3,5.0,R,R,"Demonstration, Synthetic"
FF,2024-05-14,94.78483995672894,2360.138642414871,6.26962170430468,-0.39201635048747263,1.083224745066836,900007,7,Top,24,4,R,3,5.0,R,R,"Demonstration, Synthetic"
FF,2024-05-14,95.2516530284056,2363.6158782760385,6.1793046651562555,-0.3553116828823452,1.2260211284651406,900007,7,Top,25,1,R,3,5.0,R,L,"Demonstration, Synthetic"
FF,2024-05-14,95.48507026994076,2377.011711306628,6.294749762279297,-0.41687046474683964,1.2939788249713264,900007,7,Top,25,2,R,3,5.0,R,L,"Demonstration, Synthetic"
SL,2024-05-14,85.67677447740567,2603.3343311293247,6.278412117178136,0.5029303237252818,0.2326462315950717,900007,7,Top,25,3,R,3,5.0,R,R,"Demonstration, Synthetic"
FF,2024-05-14,94.65868253188387,2470.9024996242993,6.2262158738155495,-0.3401595899874901,1.2843251014749129,900007,7,Top,25,4,R,3,5.0,R,L,"Demonstration, Synthetic"
CH,2024-05-14,87.61818685846096,1778.6782738376535,6.20685294563416,-0.7519374602847659,0.5382054427383766,900007,7,Top,26,1,R,3,5.0,R,R,"Demonstration, Synthetic"
SI,2024-05-14,93.91415781216166,2212.548669759619,6.23540012918288,-0.9502607097486978,0.7158276838476024,900007,7,Top,26,2,R,3,5.0,R,R,"Demonstration, Synthetic"
SI,2024-05-14,94.66150996020033,2194.9274096023532,6.371581669062285,-0.9514709905839286,0.7250502300772907,900007,7,Top,26,3,R,3,5.0,R,L,"Demonstration, Synthetic"
SL,2024-05-14,84.8557785468479,2480.160188763848,6.248682638546365,0.299097643307461,0.20369069246363505,900007,7,Top,26,4,R,3,5.0,R,L,"Demonstration, Synthetic"
FF,2024-05-14,94.28868028830398,2331.9972740234452,6.3879115062499086,-0.3850712831105638,1.1935819533861112,900007,7,Top,27,1,R,3,5.0,R,R,"Demonstration, Synthetic"
SL,2024-05-14,84.86142441469,2540.7596331826026,6.328341921626136,0.39898293734899104,0.16996821677814772,900007,8,Top,27,2,R,3,5.0,R,R,"Demonstration, Synthetic"
FF,2024-05-20,95.68698888231211,2474.9059864726523,6.447164548476315,-0.4866364437779778,1.2685490256246998,900008,1,Top,1,1,R,1,5.0,R,L,"Demonstration, Synthetic"
SL,2024-05-20,85.91720166227942,2590.667777968519,6.420668131020703,0.43165932832190956,0.2885026389408312,900008,1,Top,1,2,R,1,5.0,R,R,"Demonstration, Synthetic"
SI,2024-05-20,93.73963620639738,2296.7888187605395,6.345356917767536,-1.012581474023301,0.712293743929072,900008,1,Top,1,3,R,1,5.0,R,L,"Demonstration, Synthetic"
CH,2024-05-20,87.34021794977374,1779.6895183506101,6.484699849809998,-0.7650352135605141,0.5548918167538894,900008,1,Top,1,4,R,1,5.0,R,R,"Demonstration, Synthetic"
FF,2024-05-20,95.24221730341667,2521.77191984103,6.262859350388935,-0.3648656370782818,1.3235499362200969,900008,1,Top,2,1,R,1,5.0,R,R,"Demonstration, Synthetic"
SL,2024-05-20,85.18920844342546,2592.56042432931,6.3072423502629915,0.41074357884094015,0.2703377139544669,900008,1,Top,2,2,R,1,5.0,R,L,"Demonstration, Synthetic"
SI,2024-05-20,93.84682099826519,2220.5057472404214,6.335502124896647,-1.0692989009185179,0.7619262406493231,900008,1,Top,2,3,R,1,5.0,R,R,"Demonstration, Synthetic"
CH,2024-05-20,87.19403178778701,1895.6017556761306,6.304640133124701,-0.8626349384793462,0.5144106095597152,900008,1,Top,2,4,R,1,5.0,R,R,"Demonstration, Synthetic"
FF,2024-05-20,94.84613431613445,2398.8914020925886,6.217120648879438,-0.4008356327481123,1.2715351242780493,900008,1,Top,3,1,R,1,5.0,R,R,"Demonstration, Synthetic"
SL,2024-05-20,85.96950922303678,2528.8999358156666,6.317754091119508,0.4370661975202451,0.3142979103933443,900008,1,Top,3,2,R,1,5.0,R,R,"Demonstration, Synthetic"
SL,2024-05-20,84.01051150741051,2727.8464617893233,6.342199741686659,0.4068631780878262,0.23411369374571597,900008,1,Top,3,3,R,1,5.0,R,L,"Demonstration, Synthetic"
SI,2024-05-20,93.37231805871617,2302.764341401158,6.33622518709639,-1.0191129457822554,0.6789767203340831,900008,1,Top,3,4,R,1,5.0,R,R,"Demonstration, Synthetic"
FF,2024-05-20,95.24362408781079,2579.5282820542957,6.318176367533954,-0.41711473775507146,1.4063673953854627,900008,1,Top,4,1,R,1,5.0,R,R,"Demonstration, Synthetic"
SL,2024-05-20,85.11805042937523,2501.306265409901,6.328541344037339,0.346682923827204,0.2991604552104664,900008,1,Top,4,2,R,1,5.0,R,L,"Demonstration, Synthetic"
FF,2024-05-20,95.1903918258687,2547.064601538174,6.385117811233455,-0.5239168333250521,1.3374205795887468,900008,1,Top,4,3,R,1,5.0,R,R,"Demonstration, Synthetic"
FF,2024-05-20,95.08599447749758,2379.329704096757,6.3239872477597,-0.39301920583101846,1.2528815444418562,900008,2,Top,4,4,R,1,5.0,R,R,"Demonstration, Synthetic"
SI,2024-05-20,93.32162842301693,2163.871123866352,6.34991894139707,-1.0794117668086813,0.7293762797077287,900008,2,Top,5,1,R,1,5.0,R,R,"Demonstration, Synthetic"
FF,2024-05-20,95.11522248200806,2547.4887418198728,6.364740417792364,-0.49692467242010174,1.2405069812455183,900008,2,Top,5,2,R,1,5.0,R,R,"Demonstration, Synthetic"
SL,2024-05-20,84.39188224485143,2571.5577350460317,6.346291703793538,0.5409615074729714,0.31731466414444753,900008,2,Top,5,3,R,1,5.0,R,L,"Demonstration, Synthetic"
FF,2024-05-20,94.19718796143255,2359.2032608966188,6.438812329270614,-0.46281524747299446,1.409878019234644,900008,2,Top,5,4,R,1,5.0,R,R,"Demonstration, Synthetic"
FF,2024-05-20,95.15064926642556,2509.679504638509,6.2404125227830285,-0.41425512559729705,1.3405682430866115,900008,2,Top,6,1,R,1,5.0,R,R,"Demonstration, Synthetic"
CH,2024-05-20,86.82769948139574,1915.5232670859384,6.2405206853182085,-0.7116065392616319,0.5033095429433281,900008,2,Top,6,2,R,1,5.0,R,R,"Demonstration, Synthetic"
FF,2024-05-20,95.1622567315032,2484.129682656034,6.402853833040179,-0.4509282457702081,1.2778472025118714,900008,2,Top,6,3,R,1,5.0,R,L,"Demonstration, Synthetic"
FF,2024-05-20,95.59747037375327,2440.6418129006265,6.344881147549715,-0.4206653992945317,1.272768408498749,900008,2,Top,6,4,R,1,5.0,R,R,"Demonstration, Synthetic"
SL,2024-05-20,85.7337703029379,2712.7798075634278,6.318975145170058,0.43198092161033563,0.3329396467537879,900008,2,Top,7,1,R,1,5.0,R,R,"Demonstration, Synthetic"
CH,2024-05-20,87.28666823435749,1808.8838576374258,6.491474026281107,-0.8839035146414002,0.5810910929670702,900008,2,Top,7,2,R,1,5.0,R,R,"Demonstration, Synthetic"
SI,2024-05-20,93.2490326010849,2251.933798402826,6.436587444354819,-1.0962076849584412,0.7443114864366007,900008,2,Top,7,3,R,1,5.0,R,R,"Demonstration, Synthetic"
SL,2024-05-20,85.29439284190985,2701.198149006333,6.257668085153045,0.542154422954558,0.22804409637717116,900008,2,Top,7,4,R,1,5.0,R,R,"Demonstration, Synthetic"
FF,2024-05-20,94.61132722271778,2335.4623291892844,6.300174333078174,-0.4053354759781371,1.277475990161486,900008,2,Top,8,1,R,1,5.0,R,L,"Demonstration, Synthetic"
FF,2024-05-20,95.06888643954734,2402.983247130405,6.503672065766882,-0.4709091646816138,1.3230657662571796,900008,2,Top,8,2,R,1,5.0,R,L,"Demonstration, Synthetic"
CH,2024-05-20,87.81380967348727,1948.8068979570967,6.340145576339287,-0.7633052380987516,0.5902607456326601,900008,3,Top,8,3,R,1,5.0,R,R,"Demonstration, Synthetic"
CH,2024-05-20,87.68296194714537,1920.9739183245204,6.318783576466677,-0.7790265230820764,0.5222804198587444,900008,3,Top,8,4,R,1,5.0,R,R,"Demonstration, Synthetic"
SI,2024-05-20,93.83076368231275,2180.144909390035,6.306787715674202,-1.053301677983418,0.7580402685700746,900008,3,Top,9,1,R,1,5.0,R,R,"Demonstration, Synthetic"
SI,2024-05-20,94.93550538023344,2241.6306925775716,6.434729492816654,-1.033614353662107,0.8203267756486017,900008,3,Top,9,2,R,1,5.0,R,R,"Demonstration, Synthetic"
FF,2024-05-20,94.64784273260314,2283.7508170407896,6.331071558044133,-0.4376606015643061,1.3552248699004368,900008,3,Top,9,3,R,1,5.0,R,R,"Demonstration, Synthetic"
FF,2024-05-20,95.47635799030003,,6.308418243939712,-0.3670118916082728,1.2937894810942165,900008,3,Top,9,4,R,1,5.0,R,R,"Demonstration, Synthetic"
CH,2024-05-20,87.2809126508631,1798.6247375106555,6.323780606666658,-0.7620610795719472,0.5320495912486247,900008,3,Top,10,1,R,2,5.0,R,R,"Demonstration, Synthetic"
SL,2024-05-20,85.9000775813144,2400.91357199367,6.500987275700475,0.4489483051030694,0.17244191188012653,900008,3,Top,10,2,R,2,5.0,R,R,"Demonstration, Synthetic"
FF,2024-05-20,96.1008693885596,2450.7425934984853,6.529160230371499,-0.42130315795618933,1.2993481751981082,900008,3,Top,10,3,R,2,5.0,R,L,"Demonstration, Synthetic"
FF,2024-05-20,95.17075461029506,2550.5182032501434,6.388493927093963,-0.48514269173935115,1.3088125103873092,900008,3,Top,10,4,R,2,5.0,R,R,"Demonstration, Synthetic"
FF,2024-05-20,95.86577793463648,2520.660667301408,6.33390910577267,-0.4581719825270387,1.2272609543024826,900008,3,Top,11,1,R,2,5.0,R,L,"Demonstration, Synthetic"
FF,2024-05-20,95.31005617085177,2393.070402988499,6.3596979346951485,-0.5523658164130656,1.2861516480707191,900008,3,Top,11,2,R,2,5.0,R,R,"Demonstration, Synthetic"
SL,2024-05-20,85.38750842593666,2575.4080277559465,6.33992316539624,0.38816906985674376,0.24781923257998573,900008,3,Top,11,3,R,2,5.0,R,R,"Demonstration, Synthetic"
SI,2024-05-20,93.14637048604331,2181.6735634276392,6.425310556039228,-1.0555414924102728,0.6989880219836482,900008,3,Top,11,4,R,2,5.0,R,L,"Demonstration, Synthetic"
FF,2024-05-20,94.81347566643116,2425.4439434203514,6.233189317611857,-0.514006754253444,1.3814402550399885,900008,3,Top,12,1,R,2,5.0,R,R,"Demonstration, Synthetic"
SI,2024-05-20,94.1741297194985,2280.304632972346,6.267913439925494,-1.0476463243342946,0.7531710785921369,900008,4,Top,12,2,R,2,5.0,R,R,"Demonstration, Synthetic"
CH,2024-05-20,87.63837702408439,1890.9776437187106,6.5210539576388165,-0.8977781654290578,0.49945107744587647,900008,4,Top,12,3,R,2,5.0,R,R,"Demonstration, Synthetic"
FF,2024-05-20,94.6835220340474,2422.889265235773,6.462316484284001,-0.5353565159085971,1.2879872314226501,900008,4,Top,12,4,R,2,5.0,R,L,"Demonstration, Synthetic"
FF,2024-05-20,94.66218920647265,2448.0379842855195,6.331600064317777,-0.495421773951028,1.3123138655021787,900008,4,Top,13,1,R,2,5.0,R,R,"Demonstration, Synthetic"
SI,2024-05-20,93.90067499082134,2302.8473228976954,6.465286142259201,-1.076267729902312,0.7064509983160066,900008,4,Top,13,2,R,2,5.0,R,R,"Demonstration, Synthetic"
FF,2024-05-20,94.91081860796331,2437.4857729809883,6.188153179757355,-0.4836557400527423,1.3215895399772135,900008,4,Top,13,3,R,2,5.0,R,L,"Demonstration, Synthetic"
SI,2024-05-20,94.17403373183221,2327.9710405386786,6.460601651392658,-1.0039935424642128,0.852593955355643,900008,4,Top,13,4,R,2,5.0,R,R,"Demonstration, Synthetic"
SI,2024-05-20,93.71104207900221,2311.8257361006304,6.346693017522887,-1.0702702398810158,0.7872750966537033,900008,4,Top,14,1,R,2,5.0,R,R,"Demonstration, Synthetic"
FF,2024-05-20,96.13663667102296,2437.578096364306,6.332362033393094,-0.4226651737598054,1.3874672016826841,900008,4,Top,14,2,R,2,5.0,R,R,"Demonstration, Synthetic"
FF,2024-05-20,96.46029428453905,2543.882340636073,6.4369688158791005,-0.43744785045080153,1.3855047599575268,900008,4,Top,14,3,R,2,5.0,R,R,"Demonstration, Synthetic"
SL,2024-05-20,84.41336463470257,2581.240032879983,6.394836621996704,0.48193056959070923,0.36815354900932973,900008,4,Top,14,4,R,2,5.0,R,R,"Demonstration, Synthetic"
FF,2024-05-20,95.09498898077446,2554.626018707056,6.252239649043216,-0.5152711222480155,1.3242113408472354,900008,4,Top,15,1,R,2,5.0,R,R,"Demonstration, Synthetic"
SL,2024-05-20,84.7272972947248,2648.1184816874397,6.307775268291208,0.4702024315053784,0.23335880428413883,900008,4,Top,15,2,R,2,5.0,R,R,"Demonstration, Synthetic"
SI,2024-05-20,93.66070777340923,2295.2534850193456,6.266462238753907,-1.045434331264649,0.7782389751662443,900008,4,Top,15,3,R,2,5.0,R,R,"Demonstration, Synthetic"
SL,2024-05-20,85.20979887094637,2542.110460694507,6.289117287709857,0.492422443505814,0.15369200791249496,900008,4,Top,15,4,R,2,5.0,R,L,"Demonstration, Synthetic"
SL,2024-05-20,84.61132446256026,2578.297227251755,6.3014600925881945,0.4259373709548547,0.22640212317867126,900008,5,Top,16,1,R,2,5.0,R,L,"Demonstration, Synthetic"
SL,2024-05-20,85.54389174860427,2556.9973725124682,6.285430918348694,0.45567068960205437,0.2574409191163363,900008,5,Top,16,2,R,2,5.0,R,R,"Demonstration, Synthetic"
SI,2024-05-20,93.05701202514125,2208.3751421204374,6.350848358062597,-0.9590360090130742,0.8264034871583645,900008,5,Top,16,3,R,2,5.0,R,L,"Demonstration, Synthetic"
FF,2024-05-20,95.1389375085111,2427.7516296339563,6.479424568478267,-0.44403179530937925,1.2720214420492297,900008,5,Top,16,4,R,2,5.0,R,R,"Demonstration, Synthetic"
FF,2024-05-20,94.78994814426518,2363.3526869620837,6.430351860175019,-0.5256861032400943,1.302174486938395,900008,5,Top,17,1,R,2,5.0,R,L,"Demonstration, Synthetic"
FF,2024-05-20,94.93741662687705,2299.7039407994635,6.351287630572971,-0.41319304646901933,1.3362877433669331,900008,5,Top,17,2,R,2,5.0,R,L,"Demonstration, Synthetic"
FF,2024-05-20,95.94477646874766,2501.829997940914,6.379286203428367,-0.3289718688070148,1.3449647304142593,900008,5,Top,17,3,R,2,5.0,R,L,"Demonstration, Synthetic"
FF,2024-05-20,95.77541464882898,2604.12167409521,6.3371434754495555,-0.3825545845438452,1.2477712653480524,900008,5,Top,17,4,R,2,5.0,R,R,"Demonstration, Synthetic"
FF,2024-05-20,95.22611424189232,2415.342614549364,6.407375411304125,-0.5754346122883842,1.2821256392126825,900008,5,Top,18,1,R,2,5.0,R,L,"Demonstration, Synthetic"
FF,2024-05-20,94.79791948386618,2443.7349689185808,6.333902968402771,-0.37408639413510053,1.1487186597932788,900008,5,Top,18,2,R,2,5.0,R,R,"Demonstration, Synthetic"
FF,2024-05-20,95.09309474918462,2404.897486310419,6.425696103744692,-0.3819813701109492,1.2755132181456026,900008,5,Top,18,3,R,2,5.0,R,R,"Demonstration, Synthetic"
FF,2024-05-20,94.5568748565778,2480.42441339898,6.274181277510213,-0.3934287990679118,1.2792711911772385,900008,5,Top,18,4,R,2,5.0,R,R,"Demonstration, Synthetic"
SL,2024-05-20,84.80509987884533,2475.083915691907,6.348931020452478,0.5174524144241475,0.1676145313887909,900008,5,Top,19,1,R,3,5.0,R,R,"Demonstration, Synthetic"
SI,2024-05-20,94.02035032077396,2207.7048804957735,6.213643854827007,-0.9981721230776539,0.799291426499622,900008,5,Top,19,2,R,3,5.0,R,L,"Demonstration, Synthetic"
SL,2024-05-20,85.18906571891925,2572.8659454619474,6.3640882085893695,0.475486831584073,0.18653166166306093,900008,5,Top,19,3,R,3,5.0,R,L,"Demonstration, Synthetic"
SI,2024-05-20,92.64435897438833,2289.4409055423653,6.305820343519993,-1.0177556473835658,0.666623985732791,900008,6,Top,19,4,R,3,5.0,R,R,"Demonstration, Synthetic"
SL,2024-05-20,85.05921207268514,2487.390989808695,6.180837346814861,0.4616378916949188,0.24135946315658252,900008,6,Top,20,1,R,3,5.0,R,L,"Demonstration, Synthetic"
SL,2024-05-20,84.58754810083241,2552.150391805897,6.266946382676127,0.44104950579486285,0.25327750792548753,900008,6,Top,20,2,R,3,5.0,R,L,"Demonstration, Synthetic"
FF,2024-05-20,95.79926141857548,2378.2842293152266,6.2458419878801426,-0.47276832051277157,1.466691246502089,900008,6,Top,20,3,R,3,5.0,R,R,"Demonstration, Synthetic"
CH,2024-05-20,86.62073485471561,1735.1012567162597,6.3777249206244075,-0.792497736762241,0.5097522490306357,900008,6,Top,20,4,R,3,5.0,R,R,"Demonstration, Synthetic"
FF,2024-05-20,94.72031496770173,2437.4160879228507,6.2669444380965516,-0.40134873478450755,1.3379729235610676,900008,6,Top,21,1,R,3,5.0,R,R,"Demonstration, Synthetic"
SI,2024-05-20,93.27130514542253,2315.1067692825227,6.320118922481425,-1.0123657722619426,0.6539256728643005,900008,6,Top,21,2,R,3,5.0,R,L,"Demonstration, Synthetic"
SL,2024-05-20,85.0096384905104,2584.9771215471756,6.299204599228409,0.4831915134659261,0.2824367428639439,900008,6,Top,21,3,R,3,5.0,R,R,"Demonstration, Synthetic"
FF,2024-05-20,94.31744584221799,2303.9311620653702,6.28852908370439,-0.4566912509219632,1.2306553006360679,900008,6,Top,21,4,R,3,5.0,R,R,"Demonstration, Synthetic"
SI,2024-05-20,93.0219534474054,2280.292880825095,6.3420294388011,-1.0117621810938375,0.7144366249006141,900008,6,Top,22,1,R,3,5.0,R,R,"Demonstration, Synthetic"
FF,2024-05-20,94.39957956583054,2358.924746448546,6.338234881700634,-0.47202821744853657,1.2989281811725926,900008,6,Top,22,2,R,3,5.0,R,L,"Demonstration, Synthetic"
FF,2024-05-20,93.74496867079279,2347.7831676446194,6.368752982670853,-0.49239314857138783,1.2125650197555997,900008,6,Top,22,3,R,3,5.0,R,R,"Demonstration, Synthetic"
FF,2024-05-20,93.73177960109221,2345.3121243795126,6.351636096609814,-0.3828158253485361,1.297016754247407,900008,6,Top,22,4,R,3,5.0,R,L,"Demonstration, Synthetic"
FF,2024-05-20,93.78436825433246,2384.5832922162663,6.385692442140933,-0.3871017436964046,1.2092617463679745,900008,6,Top,23,1,R,3,5.0,R,L,"Demonstration, Synthetic"
FF,2024-05-20,94.21882618231038,2357.692518955974,6.246760586860864,-0.48951219997774115,1.1602920467514943,900008,6,Top,23,2,R,3,5.0,R,R,"Demonstration, Synthetic"
SI,2024-05-20,92.46140913265424,2150.4573016998484,6.329559154212578,-1.0113027925069777,0.754163118635919,900008,7,Top,23,3,R,3,5.0,R,R,"Demonstration, Synthetic"
SI,2024-05-20,92.24346975576336,2120.837353711538,6.318155081650931,-1.062128952390788,0.7735939515920068,900008,7,Top,23,4,R,3,5.0,R,R,"Demonstration, Synthetic"
FF,2024-05-20,93.68222406518231,2438.464678560145,6.302974795747885,-0.3602401743943947,1.3435765344988955,900008,7,Top,24,1,R,3,5.0,R,R,"Demonstration, Synthetic"
SL,2024-05-20,85.13296198026639,2674.653466001139,6.194625520243255,0.4550520304117953,0.09829841754861329,900008,7,Top,24,2,R,3,5.0,R,R,"Demonstration, Synthetic"
FF,2024-05-20,94.12848933471096,2394.5339918752497,6.340016649664989,-0.45928921156309666,1.181802822659548,900008,7,Top,24,3,R,3,5.0,R,R,"Demonstration, Synthetic"
FF,2024-05-20,93.93055702147844,2298.822199253028,6.240519190152255,-0.3281184455887907,1.1949557708187817,900008,7,Top,24,4,R,3,5.0,R,L,"Demonstration, Synthetic"
SL,2024-05-20,85.10744411763523,2483.3194496397127,6.353008572180265,0.4027345261379859,0.2710541832042807,900008,7,Top,25,1,R,3,5.0,R,R,"Demonstration, Synthetic"
CH,2024-05-20,86.51609298389587,1764.503953391472,6.309275994971846,-0.6479304696768576,0.5505820399037579,900008,7,Top,25,2,R,3,5.0,R,L,"Demonstration, Synthetic"
FF,2024-05-20,93.97646136467117,2397.490073583046,6.176159234012917,-0.462083216441868,1.3623765068713103,900008,7,Top,25,3,R,3,5.0,R,R,"Demonstration, Synthetic"
FF,2024-05-20,93.2586685601678,2303.088683220875,6.219206468464826,-0.35111686992083,1.2334060539184775,900008,7,Top,25,4,R,3,5.0,R,L,"Demonstration, Synthetic"
SL,2024-05-20,85.19068223506666,2580.7593249309703,6.204005044189269,0.4885035584235556,0.34289188194194287,900008,7,Top,26,1,R,3,5.0,R,L,"Demonstration, Synthetic"
CH,2024-05-20,86.33802756030614,1781.4411536507175,6.271623595736626,-0.7686952172503595,0.504495945704398,900008,7,Top,26,2,R,3,5.0,R,R,"Demonstration, Synthetic"
FF,2024-05-26,95.96784812268501,2442.9721455159,6.242611653002704,-0.4491178904832338,1.3343449349537917,900009,1,Top,1,1,R,1,5.0,R,R,"Demonstration, Synthetic"
SL,2024-05-26,85.87289641360987,2550.3290957375257,6.473770102363421,0.3611201963549918,0.19533384729573705,900009,1,Top,1,2,R,1,5.0,R,L,"Demonstration, Synthetic"
SI,2024-05-26,94.00488179780518,2232.2486765428616,6.128490142282851,-1.0355447572526308,0.7985870856166931,900009,1,Top,1,3,R,1,5.0,R,R,"Demonstration, Synthetic"
CH,2024-05-26,86.9444024434862,1819.402945053652,6.244274303024036,-0.8136869109029384,0.5048599097519909,900009,1,Top,1,4,R,1,5.0,R,R,"Demonstration, Synthetic"
FF,2024-05-26,95.7128739857259,2367.856229238576,6.393935239538642,-0.43797602997118246,1.3124014043497614,900009,1,Top,2,1,R,1,5.0,R,R,"Demonstration, Synthetic"
SL,2024-05-26,85.7045386789405,2632.018450856917,6.433861150111264,0.4068338666089863,0.33107105970754,900009,1,Top,2,2,R,1,5.0,R,R,"Demonstration, Synthetic"
SI,2024-05-26,93.23508510871137,2298.930988428684,6.436306793140795,-1.0433168963201354,0.7052881517507122,900009,1,Top,2,3,R,1,5.0,R,L,"Demonstration, Synthetic"
CH,2024-05-26,88.03645324148447,1793.9986727429423,6.260911773470809,-0.8065688545764241,0.6153482310348017,900009,1,Top,2,4,R,1,5.0,R,R,"Demonstration, Synthetic"
SL,2024-05-26,85.78822026713469,2681.0827118935395,6.163060689891409,0.38365366228708164,0.29580004674306937,900009,1,Top,3,1,R,1,5.0,R,L,"Demonstration, Synthetic"
FF,2024-05-26,96.48989980057783,2428.7649817418483,6.303998424283646,-0.48860926254498777,1.29685325401027,900009,1,Top,3,2,R,1,5.0,R,L,"Demonstration, Synthetic"
SL,2024-05-26,85.40091682675865,2589.973956219254,6.359612874670323,0.47671276261482115,0.2259860314056486,900009,1,Top,3,3,R,1,5.0,R,L,"Demonstration, Synthetic"
FF,2024-05-26,95.87767583847575,2459.682305180753,6.380112365718978,-0.4879435054109613,1.2621536976885266,900009,1,Top,3,4,R,1,5.0,R,R,"Demonstration, Synthetic"
FF,2024-05-26,95.87132031044662,2491.3081788938216,6.160097915717166,-0.484436409821965,1.3576616605971943,900009,1,Top,4,1,R,1,5.0,R,R,"Demonstration, Synthetic"
FF,2024-05-26,95.59622412990696,2457.6643235282922,6.377061777906176,-0.4220826074760996,1.357741342680062,900009,1,Top,4,2,R,1,5.0,R,R,"Demonstration, Synthetic"
FF,2024-05-26,95.68633552780918,2439.2323721794305,6.2490739950081755,-0.560872207188325,1.2348892377933653,900009,1,Top,4,3,R,1,5.0,R,L,"Demonstration, Synthetic"
CH,2024-05-26,87.53802766603724,1832.413521901637,6.206755918443847,-0.7438332125042176,0.4196681116086647,900009,2,Top,4,4,R,1,5.0,R,L,"Demonstration, Synthetic"
CH,2024-05-26,87.43580045643844,1846.450032744746,6.202963081355602,-0.8480655975401263,0.5050745207428203,900009,2,Top,5,1,R,1,5.0,R,R,"Demonstration, Synthetic"
SL,2024-05-26,85.92897591834263,2663.053808363494,6.362663762977433,0.5076273046483002,0.24201208769578414,900009,2,Top,5,2,R,1,5.0,R,L,"Demonstration, Synthetic"
FF,2024-05-26,95.06309414473363,2438.805691023884,6.138937753896711,-0.4273471887860488,1.3258709875623538,900009,2,Top,5,3,R,1,5.0,R,R,"Demonstration, Synthetic"
CH,2024-05-26,87.56376451505854,1815.879386540946,6.383670321573789,-0.7643218264997553,0.6531244095849467,900009,2,Top,5,4,R,1,5.0,R,R,"Demonstration, Synthetic"
SL,2024-05-26,86.52964202981029,2557.542461095105,6.3837128725638825,0.47718366635365816,0.4370022544794352,900009,2,Top,6,1,R,1,5.0,R,L,"Demonstration, Synthetic"
FF,2024-05-26,95.31661031036495,2365.349108668498,6.3183305284333775,-0.4741553761652764,1.2647785365359772,900009,2,Top,6,2,R,1,5.0,R,L,"Demonstration, Synthetic"
SI,2024-05-26,94.1762792899562,2353.5126061886995,6.410611026361259,-1.0217359635090366,0.7665414439645228,900009,2,Top,6,3,R,1,5.0,R,L,"Demonstration, Synthetic"
SL,2024-05-26,86.14599977103364,2608.7057583443125,6.363017498802624,0.43677633039023306,0.34182386808723453,900009,2,Top,6,4,R,1,5.0,R,R,"Demonstration, Synthetic"
FF,2024-05-26,95.49191809752575,2475.4353840277777,6.28537420917508,-0.4712311212521911,1.2704669888094635,900009,2,Top,7,1,R,1,5.0,R,R,"Demonstration, Synthetic"
SI,2024-05-26,94.89215878700364,2207.652819636247,6.39435130681389,-1.2059720699022143,0.7884782228854397,900009,2,Top,7,2,R,1,5.0,R,L,"Demonstration, Synthetic"
SL,2024-05-26,85.69201580609062,2629.4502048547047,6.341821141763028,0.44865454150381323,0.3306642983254146,900009,2,Top,7,3,R,1,5.0,R,L,"Demonstration, Synthetic"
FF,2024-05-26,96.10468772945246,2520.559848656778,6.207070494389625,-0.38300204063030363,1.2725259223518648,900009,2,Top,7,4,R,1,5.0,R,R,"Demonstration, Synthetic"
FF,2024-05-26,96.73317246029129,2386.7853658393733,6.273441354652951,-0.3812336016568952,1.3071052192861914,900009,2,Top,8,1,R,1,5.0,R,L,"Demonstration, Synthetic"
SI,2024-05-26,94.27790376439988,2247.0861225185367,6.263380774888323,-1.073726627658839,0.8055179738381746,900009,2,Top,8,2,R,1,5.0,R,R,"Demonstration, Synthetic"
SL,2024-05-26,85.78109798089592,2503.6589175727663,6.306625178527253,0.4948005782345359,0.23996758978137986,900009,3,Top,8,3,R,1,5.0,R,R,"Demonstration, Synthetic"
CH,2024-05-26,87.74544096846084,1970.1076312442242,6.317591586261552,-0.7292020556325447,0.5185072895114776,900009,3,Top,8,4,R,1,5.0,R,L,"Demonstration, Synthetic"
SL,2024-05-26,86.18392930411173,2555.8859519767616,6.329598747787211,0.5323953084984284,0.29487653372931294,900009,3,Top,9,1,R,1,5.0,R,L,"Demonstration, Synthetic"
SI,2024-05-26,93.88520013077367,2239.21585941843,6.350360405240748,-1.0314891981232026,0.6487820256834876,900009,3,Top,9,2,R,1,5.0,R,R,"Demonstration, Synthetic"
SI,2024-05-26,93.39914730958301,2230.30134795123,6.3194795184237025,-1.0789052788418751,0.807604257835296,900009,3,Top,9,3,R,1,5.0,R,L,"Demonstration, Synthetic"
SI,2024-05-26,94.08759882940134,2366.746151967404,6.369172695724717,-1.0712441285621674,0.8015637654294252,900009,3,Top,9,4,R,1,5.0,R,R,"Demonstration, Synthetic"
SI,2024-05-26,94.87286896199964,2196.459761522863,6.173842512308863,-0.9675317270405751,0.7415918922943197,900009,3,Top,10,1,R,2,5.0,R,R,"Demonstration, Synthetic"
FF,2024-05-26,95.77504753580651,2254.887690277193,6.344728156975289,-0.41200797391744143,1.2670307693463423,900009,3,Top,10,2,R,2,5.0,R,L,"Demonstration, Synthetic"
SL,2024-05-26,85.89527680819084,2573.149384802042,6.286866824058207,0.5040868020201216,0.21271619369655798,900009,3,Top,10,3,R,2,5.0,R,R,"Demonstration, Synthetic"
SL,2024-05-26,85.72076356920078,2564.744551884561,6.294438919754418,0.5055664650269126,0.3785649123969248,900009,3,Top,10,4,R,2,5.0,R,R,"Demonstration, Synthetic"
SI,2024-05-26,93.99379878581631,2330.1997599562533,6.352130734438099,-1.1269526777822392,0.7377034640183019,900009,3,Top,11,1,R,2,5.0,R,L,"Demonstration, Synthetic"
CH,2024-05-26,87.64669939867844,1823.8124127835838,6.3925786149011925,-0.8071695146263997,0.4381376081346769,900009,3,Top,11,2,R,2,5.0,R,R,"Demonstration, Synthetic"
SL,2024-05-26,86.02609820135832,2501.2390420837137,6.370523857748333,0.40275573640203677,0.26481123574787296,900009,3,Top,11,3,R,2,5.0,R,L,"Demonstration, Synthetic"
FF,2024-05-26,96.17715918839971,2376.0153457662336,6.42591163848668,-0.4865009160019474,1.3707617387615847,900009,3,Top,11,4,R,2,5.0,R,R,"Demonstration, Synthetic"
FF,2024-05-26,95.67699442801434,2492.4775859000033,6.1563057714088645,-0.46811479286501495,1.3054653980071016,900009,3,Top,12,1,R,2,5.0,R,R,"Demonstration, Synthetic"
FF,2024-05-26,95.51398687280242,2564.152224425534,6.2776101912011315,-0.48382661873972826,1.3618847837764423,900009,4,Top,12,2,R,2,5.0,R,R,"Demonstration, Synthetic"
FF,2024-05-26,95.22908411528722,2404.448480290269,6.454502830921544,-0.38273973558502183,1.293641092000673,900009,4,Top,12,3,R,2,5.0,R,L,"Demonstration, Synthetic"
SI,2024-05-26,94.54818806746663,2165.0669332453435,6.184708415598307,-1.069278594632273,0.8470977533734431,900009,4,Top,12,4,R,2,5.0,R,R,"Demonstration, Synthetic"
FF,2024-05-26,95.26405165821133,2546.8264759013905,6.326586296531851,-0.4577216543126822,1.2428493059143897,900009,4,Top,13,1,R,2,5.0,R,R,"Demonstration, Synthetic"
FF,2024-05-26,96.30215518328848,2547.9399584877065,6.315081241730798,-0.45153835979299034,1.3337106650943145,900009,4,Top,13,2,R,2,5.0,R,L,"Demonstration, Synthetic"
FF,2024-05-26,95.99556541305134,2486.9137803771446,6.152517590034269,-0.4636108036019075,1.3512545791191095,900009,4,Top,13,3,R,2,5.0,R,L,"Demonstration, Synthetic"
SL,2024-05-26,85.45394328725745,2515.6033188674737,6.36489726898865,0.3280840085973778,0.2492065854490865,900009,4,Top,13,4,R,2,5.0,R,R,"Demonstration, Synthetic"
SL,2024-05-26,85.89189346260889,2581.602583243386,6.306667659248088,0.3338286383844306,0.2580047848942494,900009,4,Top,14,1,R,2,5.0,R,L,"Demonstration, Synthetic"
FF,2024-05-26,96.46482589066079,2412.4077293839996,6.346955190124639,-0.4167561098132478,1.2133312395308267,900009,4,Top,14,2,R,2,5.0,R,L,"Demonstration, Synthetic"
FF,2024-05-26,95.5250857981185,2446.1061140509846,6.33066899062701,-0.3864711319720323,1.2944779724563211,900009,4,Top,14,3,R,2,5.0,R,R,"Demonstration, Synthetic"
FF,2024-05-26,95.75344982746853,2615.856162763858,6.377735052482048,-0.43394294945813316,1.288615377759616,900009,4,Top,14,4,R,2,5.0,R,R,"Demonstration, Synthetic"
FF,2024-05-26,96.81661108953521,2434.729428691283,6.33240072658293,-0.4141841404306143,1.2799208285391037,900009,4,Top,15,1,R,2,5.0,R,R,"Demonstration, Synthetic"
FF,2024-05-26,95.70740771935434,2420.396161926473,6.317439387654445,-0.3797085294489134,1.2281979929449292,900009,4,Top,15,2,R,2,5.0,R,R,"Demonstration, Synthetic"
FF,2024-05-26,95.36718981308206,2391.601369660985,6.39498398757809,-0.3917903115956412,1.2912326253150757,900009,4,Top,15,3,R,2,5.0,R,L,"Demonstration, Synthetic"
FF,2024-05-26,95.17942073758837,2361.32999918036,6.381362128884793,-0.4431390534107642,1.3226279490586617,900009,4,Top,15,4,R,2,5.0,R,R,"Demonstration, Synthetic"
CH,2024-05-26,88.1276708909805,1789.3113990128363,6.299652431154848,-0.9650089095203089,0.5889253178730319,900009,5,Top,16,1,R,2,5.0,R,R,"Demonstration, Synthetic"
SI,2024-05-26,94.29255184609804,2280.3638320638415,6.429661266533082,-1.040772139167828,0.8452457596884688,900009,5,Top,16,2,R,2,5.0,R,L,"Demonstration, Synthetic"
SL,2024-05-26,85.69310822324748,2599.466026272928,6.442177519732213,0.4240776276293532,0.3741622690977333,900009,5,Top,16,3,R,2,5.0,R,R,"Demonstration, Synthetic"
FF,2024-05-26,96.35650815571213,2468.3346797547747,6.25502420808261,-0.5287200008746674,1.375385134831458,900009,5,Top,16,4,R,2,5.0,R,R,"Demonstration, Synthetic"
FF,2024-05-26,94.63920595987756,,6.33475501484344,-0.49518280435159345,1.3550842980169049,900009,5,Top,17,1,R,2,5.0,R,R,"Demonstration, Synthetic"
CH,2024-05-26,87.06577942722657,1887.4842152184442,6.39725144639975,-0.762236123268597,0.6247115592261239,900009,5,Top,17,2,R,2,5.0,R,R,"Demonstration, Synthetic"
FF,2024-05-26,95.42821788077664,2339.9835562178455,6.3638005750708055,-0.44919588850691766,1.2859550756151914,900009,5,Top,17,3,R,2,5.0,R,R,"Demonstration, Synthetic"
SL,2024-05-26,85.29287773648525,2528.408076273249,6.32117379300592,0.3762845870452892,0.24708571067204377,900009,5,Top,17,4,R,2,5.0,R,R,"Demonstration, Synthetic"
CH,2024-05-26,87.74194561303467,1797.4765175900598,6.432511789122543,-0.810582991072266,0.5477783067061188,900009,5,Top,18,1,R,2,5.0,R,L,"Demonstration, Synthetic"
SI,2024-05-26,94.02306543512258,2244.3419748651936,6.3864729570027725,-1.0958248176627445,0.7934430339313325,900009,5,Top,18,2,R,2,5.0,R,R,"Demonstration, Synthetic"
FF,2024-05-26,96.38856365864001,2497.559191759888,6.250174581899663,-0.5366806063987121,1.257566965241466,900009,5,Top,18,3,R,2,5.0,R,R,"Demonstration, Synthetic"
SI,2024-05-26,94.15450004577423,2149.722231862162,6.301625521863659,-1.067337755838326,0.7099657401404197,900009,5,Top,18,4,R,2,5.0,R,L,"Demonstration, Synthetic"
FF,2024-05-26,95.95661016300575,2389.192129003203,6.3202395501321735,-0.3245235786709269,1.2593276616723519,900009,5,Top,19,1,R,3,5.0,R,R,"Demonstration, Synthetic"
FF,2024-05-26,95.17590389801597,2504.742826488955,6.394309322474473,-0.41172648492516417,1.2044433939573445,900009,5,Top,19,2,R,3,5.0,R,R,"Demonstration, Synthetic"
FF,2024-05-26,95.36482881390715,2266.93204967838,6.319527966321977,-0.5470766458621111,1.2213738588146406,900009,5,Top,19,3,R,3,5.0,R,R,"Demonstration, Synthetic"
CH,2024-05-26,87.95257056739558,1795.0988359903915,6.511569005542816,-0.7922410218018556,0.6107641597858169,900009,6,Top,19,4,R,3,5.0,R,R,"Demonstration, Synthetic"
SL,2024-05-26,84.81959944203268,2478.528489526602,6.328673853373528,0.39750275252948014,0.12959371679472487,900009,6,Top,20,1,R,3,5.0,R,L,"Demonstration, Synthetic"
FF,2024-05-26,95.7956283260558,2389.05848864815,6.266710850996857,-0.37829003797856026,1.237796339919317,900009,6,Top,20,2,R,3,5.0,R,R,"Demonstration, Synthetic"
FF,2024-05-26,95.6913780605358,2443.814061116008,6.315320708901654,-0.41135299670672504,1.3247177164154054,900009,6,Top,20,3,R,3,5.0,R,L,"Demonstration, Synthetic"
SL,2024-05-26,85.8081094618667,2573.9272226378207,6.323373895931291,0.41762304885895757,0.32246598181549957,900009,6,Top,20,4,R,3,5.0,R,R,"Demonstration, Synthetic"
CH,2024-05-26,87.7549145922937,1938.6623604987176,6.285896470837578,-0.8854643747513998,0.5316134060920533,900009,6,Top,21,1,R,3,5.0,R,R,"Demonstration, Synthetic"
FF,2024-05-26,94.14408674283419,2457.5546540161686,6.19166709243339,-0.31805882257420237,1.2089678409736733,900009,6,Top,21,2,R,3,5.0,R,L,"Demonstration, Synthetic"
FF,2024-05-26,95.45460583122026,2350.2843620678564,6.2468844442735305,-0.3450170918544567,1.2772437014841047,900009,6,Top,21,3,R,3,5.0,R,R,"Demonstration, Synthetic"
SL,2024-05-26,86.19032638174023,2560.2055444787566,6.299497124990142,0.5437027674449542,0.20770425149725294,900009,6,Top,21,4,R,3,5.0,R,R,"Demonstration, Synthetic"
CH,2024-05-26,87.64913452483823,1857.9924318557983,6.308089275028029,-0.8321515305766107,0.5583901460516476,900009,6,Top,22,1,R,3,5.0,R,L,"Demonstration, Synthetic"
CH,2024-05-26,87.48930094232897,1820.0818484250308,6.275584030300293,-0.7714499542991012,0.49750514725817324,900009,6,Top,22,2,R,3,5.0,R,L,"Demonstration, Synthetic"
FF,2024-05-26,94.70583254953976,2421.1778088565093,6.262040631633844,-0.3156003951405278,1.18621192100135,900009,6,Top,22,3,R,3,5.0,R,R,"Demonstration, Synthetic"
FF,2024-05-26,95.53795058466555,2414.145614228025,6.397266348779767,-0.46445740959120707,1.2752410469696396,900009,6,Top,22,4,R,3,5.0,R,R,"Demonstration, Synthetic"
FF,2024-05-26,94.81304230215126,2401.8410455539256,6.162670250814664,-0.4124776627968555,1.1599858782654637,900009,6,Top,23,1,R,3,5.0,R,R,"Demonstration, Synthetic"
FF,2024-05-26,95.41477727583398,2313.0771364535344,6.342033435673089,-0.3671878117397674,1.3535436279500774,900009,6,Top,23,2,R,3,5.0,R,L,"Demonstration, Synthetic"
CH,2024-05-26,87.82063402719386,1915.2331580586565,6.253032982832002,-0.830058008558359,0.5691581920382666,900009,7,Top,23,3,R,3,5.0,R,L,"Demonstration, Synthetic"
FF,2024-05-26,94.83984537125035,2447.092445132025,6.332149326855992,-0.41665415546896856,1.288801350375159,900009,7,Top,23,4,R,3,5.0,R,R,"Demonstration, Synthetic"
SL,2024-05-26,85.17149459857085,2619.780948592914,6.176792280492353,0.450852121056293,0.33976581055122185,900009,7,Top,24,1,R,3,5.0,R,R,"Demonstration, Synthetic"
CH,2024-05-26,86.42799885936437,1821.871381969319,6.243231161428464,-0.749009060443629,0.3561603164605635,900009,7,Top,24,2,R,3,5.0,R,L,"Demonstration, Synthetic"
CH,2024-05-26,87.58617861574996,1883.7557682697839,6.353075811195454,-0.7568537459347122,0.5625336944465389,900009,7,Top,24,3,R,3,5.0,R,L,"Demonstration, Synthetic"
SL,2024-05-26,85.77497787181981,2568.3278243899363,6.401724752760176,0.5151547680418245,0.21571347429932825,900009,7,Top,24,4,R,3,5.0,R,L,"Demonstration, Synthetic"
CH,2024-05-26,87.99145322377238,1821.9780386547488,6.321012576207313,-0.7478049395085815,0.4896520749032913,900009,7,Top,25,1,R,3,5.0,R,R,"Demonstration, Synthetic"
FF,2024-05-26,95.18637148242328,2301.4569261219744,6.405483643512635,-0.38858855675341103,1.1624787070227327,900009,7,Top,25,2,R,3,5.0,R,L,"Demonstration, Synthetic"
FF,2024-05-26,94.4540987116154,2508.4793133637513,6.385581948144078,-0.3934419646755849,1.3923893794691065,900009,7,Top,25,3,R,3,5.0,R,R,"Demonstration, Synthetic"
FF,2024-05-26,93.86648412504198,2302.4658739268466,6.254258560894597,-0.43377879269157466,1.3039193684031556,900009,7,Top,25,4,R,3,5.0,R,L,"Demonstration, Synthetic"
CH,2024-05-26,87.90570779577163,1833.509219421496,6.589565923418181,-0.721563074064625,0.5305703324528102,900009,7,Top,26,1,R,3,5.0,R,R,"Demonstration, Synthetic"
FF,2024-06-01,95.42922642899681,2460.6312707406923,6.354110933634894,-0.4279147974851477,1.1978565626385382,900010,1,Top,1,1,R,1,5.0,R,R,"Demonstration, Synthetic"
SL,2024-06-01,85.75625849228268,2546.7371165211107,6.260110218436001,0.45454827347755516,0.19502589993527647,900010,1,Top,1,2,R,1,5.0,R,R,"Demonstration, Synthetic"
SI,2024-06-01,94.70926590720534,2250.0344634896514,6.269604204863977,-1.127349219319711,0.7745010947664982,900010,1,Top,1,3,R,1,5.0,R,R,"Demonstration, Synthetic"
CH,2024-06-01,88.17723219091074,1778.4993400062854,6.249693636603767,-0.8371481625764803,0.49577610664322086,900010,1,Top,1,4,R,1,5.0,R,L,"Demonstration, Synthetic"
FF,2024-06-01,96.20177486900333,2508.8906777920897,6.241505105125533,-0.4903587690713696,1.3062917959565132,900010,1,Top,2,1,R,1,5.0,R,L,"Demonstration, Synthetic"
SL,2024-06-01,85.96280291889595,2593.665156841626,6.336913807838214,0.4322312644685464,0.22442410763933296,900010,1,Top,2,2,R,1,5.0,R,R,"Demonstration, Synthetic"
SI,2024-06-01,93.85947483411793,2276.703013297965,6.270085771908545,-1.026067091643116,0.8383003980402527,900010,1,Top,2,3,R,1,5.0,R,L,"Demonstration, Synthetic"
CH,2024-06-01,87.379527135312,1823.2415531889953,6.454715452522917,-0.7888043513295183,0.5098325672073671,900010,1,Top,2,4,R,1,5.0,R,L,"Demonstration, Synthetic"
FF,2024-06-01,95.82812617518385,2415.742644915865,6.362429259689247,-0.4155764126009225,1.2555540037741275,900010,1,Top,3,1,R,1,5.0,R,R,"Demonstration, Synthetic"
FF,2024-06-01,96.0464957327317,2467.8383120106237,6.346339034804548,-0.4422020224730402,1.302137782809434,900010,1,Top,3,2,R,1,5.0,R,R,"Demonstration, Synthetic"
FF,2024-06-01,95.76096829707825,2536.9273096689503,6.403329490317026,-0.42114444793632533,1.3275643332005251,900010,1,Top,3,3,R,1,5.0,R,L,"Demonstration, Synthetic"
SL,2024-06-01,85.77780682986925,2639.9188090675857,6.270567010088217,0.431140954245982,0.2927176102806043,900010,1,Top,3,4,R,1,5.0,R,R,"Demonstration, Synthetic"
FF,2024-06-01,95.74577616108822,2476.211339088927,6.335611420456537,-0.40653147299008724,1.3504436456902251,900010,1,Top,4,1,R,1,5.0,R,R,"Demonstration, Synthetic"
FF,2024-06-01,96.15028381100215,2499.552266363044,6.334642740603001,-0.35605268704566095,1.2749155222611313,900010,1,Top,4,2,R,1,5.0,R,L,"Demonstration, Synthetic"
SI,2024-06-01,94.39023003151351,2289.428555241363,6.328673209230149,-1.0808288090043585,0.7236166199110057,900010,1,Top,4,3,R,1,5.0,R,R,"Demonstration, Synthetic"
SL,2024-06-01,86.0762070190934,2561.0942022405784,6.238241590737986,0.4811501663055865,0.16518920741453835,900010,2,Top,4,4,R,1,5.0,R,L,"Demonstration, Synthetic"
FF,2024-06-01,95.3039470422978,2417.0325431964948,6.359790585888385,-0.39438297492176283,1.2515820743186428,900010,2,Top,5,1,R,1,5.0,R,L,"Demonstration, Synthetic"
SL,2024-06-01,84.75679535488237,2629.550366531887,6.511232509102621,0.4817132090128999,0.29181511974717766,900010,2,Top,5,2,R,1,5.0,R,L,"Demonstration, Synthetic"
SL,2024-06-01,85.65391116456762,2479.402021944104,6.393514535534667,0.4368719357842363,0.26428236274698264,900010,2,Top,5,3,R,1,5.0,R,L,"Demonstration, Synthetic"
FF,2024-06-01,97.00307474228126,2506.1852812741304,6.52903589079896,-0.3520380248720094,1.3765287391464707,900010,2,Top,5,4,R,1,5.0,R,L,"Demonstration, Synthetic"
CH,2024-06-01,87.1795129978407,,6.4702561131224545,-0.7322705322246498,0.5481196535406739,900010,2,Top,6,1,R,1,5.0,R,R,"Demonstration, Synthetic"
CH,2024-06-01,88.37884022737508,1811.8969560223668,6.221735282650865,-0.7827901477911995,0.49937839913321874,900010,2,Top,6,2,R,1,5.0,R,R,"Demonstration, Synthetic"
FF,2024-06-01,96.32753218872263,2465.493081063107,6.248591578501703,-0.49543887872842934,1.1567414674905465,900010,2,Top,6,3,R,1,5.0,R,L,"Demonstration, Synthetic"
FF,2024-06-01,95.96970999662595,2566.8825066486033,6.284093698727479,-0.46790693552940643,1.3524144521491819,900010,2,Top,6,4,R,1,5.0,R,R,"Demonstration, Synthetic"
FF,2024-06-01,95.65217133647867,2465.44620135771,6.30790458032065,-0.4324007476988695,1.2413867118167536,900010,2,Top,7,1,R,1,5.0,R,R,"Demonstration, Synthetic"
FF,2024-06-01,96.58950344987936,2419.347367622803,6.336544636381843,-0.3948117395884805,1.1924780286469703,900010,2,Top,7,2,R,1,5.0,R,R,"Demonstration, Synthetic"
SI,2024-06-01,93.4844244181537,2251.7997603699446,6.342303211048577,-0.9625986689450243,0.7028987756839877,900010,2,Top,7,3,R,1,5.0,R,R,"Demonstration, Synthetic"
CH,2024-06-01,88.67677124633657,1871.56303402861,6.3858779048058585,-0.7203336262691469,0.5283994985614053,900010,2,Top,7,4,R,1,5.0,R,R,"Demonstration, Synthetic"
CH,2024-06-01,88.1572870322993,1835.3279924537237,6.31912975097958,-0.8403073339986485,0.5799195045772602,900010,2,Top,8,1,R,1,5.0,R,R,"Demonstration, Synthetic"
FF,2024-06-01,96.48156771128366,2500.082643900627,6.318580993741635,-0.4120854200065246,1.3107737424263743,900010,2,Top,8,2,R,1,5.0,R,R,"Demonstration, Synthetic"
FF,2024-06-01,96.40942231695468,2457.1465479895955,6.342985366203367,-0.40262903535871125,1.3414147886121315,900010,3,Top,8,3,R,1,5.0,R,L,"Demonstration, Synthetic"
FF,2024-06-01,95.7796418840014,2390.538298663606,6.42491434235732,-0.4606920565717814,1.3614045866468973,900010,3,Top,8,4,R,1,5.0,R,L,"Demonstration, Synthetic"
SI,2024-06-01,94.53676667286797,2268.7183745914194,6.445428217196216,-1.0532529275197993,0.7818704666210313,900010,3,Top,9,1,R,1,5.0,R,L,"Demonstration, Synthetic"
FF,2024-06-01,96.50203183301743,2458.0992627784526,6.356352305215657,-0.43713275472383795,1.257887769786942,900010,3,Top,9,2,R,1,5.0,R,L,"Demonstration, Synthetic"
CH,2024-06-01,88.2848274486357,1870.11085619066,6.261259275527639,-0.7413810361592822,0.5446735792373468,900010,3,Top,9,3,R,1,5.0,R,R,"Demonstration, Synthetic"
CH,2024-06-01,88.05179996964196,1936.8650079330748,6.406703488152418,-0.7539530474753341,0.6337463291687351,900010,3,Top,9,4,R,1,5.0,R,L,"Demonstration, Synthetic"
FF,2024-06-01,96.43671672506886,2363.700261966493,6.309238063578179,-0.5117775043414445,1.330288805824245,900010,3,Top,10,1,R,2,5.0,R,L,"Demonstration, Synthetic"
SL,2024-06-01,85.65330931187998,2621.4496980099325,6.260711360585253,0.4731491080723187,0.2179967286833816,900010,3,Top,10,2,R,2,5.0,R,R,"Demonstration, Synthetic"
SI,2024-06-01,94.76837832581765,2162.6837815974527,6.398474600611744,-1.0973014782523962,0.6799041378409169,900010,3,Top,10,3,R,2,5.0,R,L,"Demonstration, Synthetic"
SL,2024-06-01,85.67936469282502,2636.4671318062615,6.373825955398928,0.5401413282765597,0.2623086812385417,900010,3,Top,10,4,R,2,5.0,R,R,"Demonstration, Synthetic"
SI,2024-06-01,93.80725382782296,2263.2080219765417,6.3523779729463214,-1.0635801259819282,0.7557529775565038,900010,3,Top,11,1,R,2,5.0,R,L,"Demonstration, Synthetic"
FF,2024-06-01,96.53828600558023,2524.09817909409,6.340587547297081,-0.471008206438478,1.2598490210176836,900010,3,Top,11,2,R,2,5.0,R,R,"Demonstration, Synthetic"
SL,2024-06-01,86.14515444721566,2617.9257917751797,6.404939788332934,0.4252181204991327,0.23533999652357976,900010,3,Top,11,3,R,2,5.0,R,L,"Demonstration, Synthetic"
FF,2024-06-01,96.3117188403879,2580.5650866188384,6.35281204635124,-0.4374168651439606,1.2547895608343047,900010,3,Top,11,4,R,2,5.0,R,L,"Demonstration, Synthetic"
SI,2024-06-01,94.28504513263364,2176.758106745604,6.232444663622425,-1.0522394027429842,0.7308941805320434,900010,3,Top,12,1,R,2,5.0,R,L,"Demonstration, Synthetic"
FF,2024-06-01,95.6292155909547,2425.9383643096953,6.424133613182075,-0.5641740937255988,1.1808520605573418,900010,4,Top,12,2,R,2,5.0,R,R,"Demonstration, Synthetic"
SL,2024-06-01,85.66649413414449,2606.2482673105,6.276566095592613,0.44956103203830317,0.22350531187912023,900010,4,Top,12,3,R,2,5.0,R,L,"Demonstration, Synthetic"
SL,2024-06-01,87.11340212512546,2578.9252287548625,6.334419181861545,0.48336941191194543,0.2887785660031812,900010,4,Top,12,4,R,2,5.0,R,L,"Demonstration, Synthetic"
FF,2024-06-01,95.97336187724027,2468.8166722517312,6.303920487821298,-0.4304688718296439,1.4217187502454756,900010,4,Top,13,1,R,2,5.0,R,R,"Demonstration, Synthetic"
FF,2024-06-01,95.50799698192773,2469.754671444601,6.329159027664022,-0.39312900934895667,1.3892300316074915,900010,4,Top,13,2,R,2,5.0,R,L,"Demonstration, Synthetic"
SL,2024-06-01,85.97140681800755,2568.5667598874948,6.49586895781603,0.4624114390365476,0.2647708169395261,900010,4,Top,13,3,R,2,5.0,R,L,"Demonstration, Synthetic"
FF,2024-06-01,95.42840034765084,2511.2660841981647,6.321803955822364,-0.3950952885375468,1.2922270817329404,900010,4,Top,13,4,R,2,5.0,R,L,"Demonstration, Synthetic"
SI,2024-06-01,94.20937321459581,2315.6202400015113,6.366989322239036,-1.122508487754254,0.6962711453712781,900010,4,Top,14,1,R,2,5.0,R,R,"Demonstration, Synthetic"
SL,2024-06-01,85.58153393425017,2602.04144119269,6.264796450403555,0.47730359141479267,0.131941648198486,900010,4,Top,14,2,R,2,5.0,R,L,"Demonstration, Synthetic"
FF,2024-06-01,95.05988931409219,2328.9087993908993,6.3525383358828424,-0.3516285590551546,1.400406038876254,900010,4,Top,14,3,R,2,5.0,R,R,"Demonstration, Synthetic"
SL,2024-06-01,85.35249612097752,2619.396624106012,6.3409224036487934,0.5236974694159875,0.2859795324532215,900010,4,Top,14,4,R,2,5.0,R,R,"Demonstration, Synthetic"
SI,2024-06-01,94.06378743487049,2295.82720983165,6.2840886764239,-1.0453007584956642,0.7378303221804,900010,4,Top,15,1,R,2,5.0,R,L,"Demonstration, Synthetic"
SI,2024-06-01,94.68446428225839,2238.643230543101,6.36194648208819,-1.0670611089962736,0.774104896788287,900010,4,Top,15,2,R,2,5.0,R,R,"Demonstration, Synthetic"
FF,2024-06-01,96.48291656838082,2413.858317103029,6.261779145818611,-0.3417178682246434,1.2196507015156255,900010,4,Top,15,3,R,2,5.0,R,R,"Demonstration, Synthetic"
FF,2024-06-01,95.68359340427182,2388.2376502030593,6.309932707477717,-0.47224492439639515,1.305736168473637,900010,4,Top,15,4,R,2,5.0,R,L,"Demonstration, Synthetic"
FF,2024-06-01,95.95263813939933,2441.362357699544,6.351424529718932,-0.3876858721552564,1.3785436568967642,900010,5,Top,16,1,R,2,5.0,R,L,"Demonstration, Synthetic"
CH,2024-06-01,88.29352574261257,1903.054890308807,6.304201936069234,-0.8710818480878033,0.538864679307757,900010,5,Top,16,2,R,2,5.0,R,L,"Demonstration, Synthetic"
CH,2024-06-01,87.56580971548686,1861.765359887505,6.433828088363839,-0.8391296022342167,0.5635197202893523,900010,5,Top,16,3,R,2,5.0,R,L,"Demonstration, Synthetic"
SL,2024-06-01,85.57039283996397,2642.9969627050714,6.420424556167405,0.5538993956595236,0.2149717946646329,900010,5,Top,16,4,R,2,5.0,R,R,"Demonstration, Synthetic"
FF,2024-06-01,95.8202720472599,2479.8557719429964,6.39199422045848,-0.47675354578953594,1.2820488817193798,900010,5,Top,17,1,R,2,5.0,R,R,"Demonstration, Synthetic"
SI,2024-06-01,93.76807809932727,2340.3340059690263,6.249329721508711,-1.038706204700424,0.6801343199585412,900010,5,Top,17,2,R,2,5.0,R,R,"Demonstration, Synthetic"
SL,2024-06-01,85.68249588184939,2637.1098394107107,6.365992743292136,0.45939729865173007,0.28509516315814515,900010,5,Top,17,3,R,2,5.0,R,R,"Demonstration, Synthetic"
SL,2024-06-01,86.08579542844396,2425.0237418107304,6.307163472716879,0.4496521583555896,0.29364199890068465,900010,5,Top,17,4,R,2,5.0,R,L,"Demonstration, Synthetic"
FF,2024-06-01,96.25615481921339,2352.642938395479,6.328014867762285,-0.45873277024348674,1.119880553687918,900010,5,Top,18,1,R,2,5.0,R,L,"Demonstration, Synthetic"
CH,2024-06-01,87.91457935945604,1753.6375219738156,6.390668460482142,-0.7094797716831086,0.543803834219682,900010,5,Top,18,2,R,2,5.0,R,L,"Demonstration, Synthetic"
FF,2024-06-01,95.3614069180656,2446.909343939294,6.302680263975374,-0.4100623709307973,1.230425005986242,900010,5,Top,18,3,R,2,5.0,R,L,"Demonstration, Synthetic"
FF,2024-06-01,95.97868080132471,2418.7323817482543,6.381305711077228,-0.37496597189376246,1.2655784891333282,900010,5,Top,18,4,R,2,5.0,R,R,"Demonstration, Synthetic"
CH,2024-06-01,87.21657660879465,1748.740189411492,6.328236935410567,-0.7177773130053348,0.5069414751616222,900010,5,Top,19,1,R,3,5.0,R,L,"Demonstration, Synthetic"
SI,2024-06-01,93.87594127250826,2209.958832904893,6.282326643366679,-1.1160237158014614,0.7051967333293728,900010,5,Top,19,2,R,3,5.0,R,R,"Demonstration, Synthetic"
FF,2024-06-01,96.05655052502833,2427.310190551101,6.275682919835185,-0.3578726652310521,1.364196418674006,900010,5,Top,19,3,R,3,5.0,R,L,"Demonstration, Synthetic"
SI,2024-06-01,94.22709392512543,2121.3942807208405,6.294089038022352,-0.9749923251134966,0.7795381672212808,900010,6,Top,19,4,R,3,5.0,R,R,"Demonstration, Synthetic"
CH,2024-06-01,87.17398370760088,1788.7473937358068,6.370806751659298,-0.7868167221776313,0.5568505553292088,900010,6,Top,20,1,R,3,5.0,R,R,"Demonstration, Synthetic"
FF,2024-06-01,95.71660792116688,2397.2857266617566,6.434176322939314,-0.4745801015346051,1.3077324302982658,900010,6,Top,20,2,R,3,5.0,R,L,"Demonstration, Synthetic"
SL,2024-06-01,84.97043468958536,2579.526357737676,6.250021443907874,0.3122097165856841,0.3292318437943369,900010,6,Top,20,3,R,3,5.0,R,R,"Demonstration, Synthetic"
FF,2024-06-01,94.37774340770866,2406.4525318540573,6.309812688945043,-0.32169060207096145,1.2289613482476152,900010,6,Top,20,4,R,3,5.0,R,L,"Demonstration, Synthetic"
FF,2024-06-01,95.79424966558706,2374.606343501128,6.279823869586676,-0.480696294483128,1.354144233247486,900010,6,Top,21,1,R,3,5.0,R,L,"Demonstration, Synthetic"
FF,2024-06-01,95.84440503841972,2474.1283308881,6.326890181962769,-0.4125727424271205,1.2751377586857506,900010,6,Top,21,2,R,3,5.0,R,R,"Demonstration, Synthetic"
SI,2024-06-01,94.27778352818794,2200.490617317827,6.286255426634506,-1.111860433667634,0.629284575900643,900010,6,Top,21,3,R,3,5.0,R,R,"Demonstration, Synthetic"
FF,2024-06-01,95.22924259052095,2438.168099241006,6.310925961399313,-0.44128251569458665,1.2899043122029423,900010,6,Top,21,4,R,3,5.0,R,L,"Demonstration, Synthetic"
FF,2024-06-01,95.2472509224689,2219.2675667192384,6.4287226248603995,-0.33558254300505014,1.1799909691848847,900010,6,Top,22,1,R,3,5.0,R,R,"Demonstration, Synthetic"
SL,2024-06-01,85.92737239802976,2467.40253710898,6.323047030949054,0.4461056916756126,0.32513786602096845,900010,6,Top,22,2,R,3,5.0,R,L,"Demonstration, Synthetic"
SI,2024-06-01,93.52157183435165,2265.472905282648,6.353869986561405,-0.9672274856846931,0.7144117518244824,900010,6,Top,22,3,R,3,5.0,R,L,"Demonstration, Synthetic"
SL,2024-06-01,85.03749144327935,2640.0653625212835,6.268929865964162,0.4559359845872819,0.2707959398649166,900010,6,Top,22,4,R,3,5.0,R,L,"Demonstration, Synthetic"
SL,2024-06-01,85.63026545418431,2687.4288409723627,6.42821072652094,0.40730630248532457,0.23594408741346332,900010,6,Top,23,1,R,3,5.0,R,R,"Demonstration, Synthetic"
FF,2024-06-01,95.19216910813117,2371.1972193035176,6.318599740005599,-0.4502441584223124,1.2466545775309292,900010,6,Top,23,2,R,3,5.0,R,L,"Demonstration, Synthetic"
FF,2024-06-01,95.12696612521864,2305.973254352157,6.13991807380742,-0.39189371965787884,1.1504162522043058,900010,7,Top,23,3,R,3,5.0,R,L,"Demonstration, Synthetic"
SI,2024-06-01,92.97378331212532,2101.57957823381,6.147984808642769,-1.0008388715042211,0.6957778211987506,900010,7,Top,23,4,R,3,5.0,R,R,"Demonstration, Synthetic"
SI,2024-06-01,92.99980575127854,2208.777987945065,6.231482538366337,-0.9592366564706917,0.7972781020207891,900010,7,Top,24,1,R,3,5.0,R,R,"Demonstration, Synthetic"
FF,2024-06-01,94.85281086830335,2362.0372036199547,6.392645899137968,-0.3570725755311859,1.2731769405846232,900010,7,Top,24,2,R,3,5.0,R,L,"Demonstration, Synthetic"
FF,2024-06-01,93.94317124147966,2335.255044764153,6.1806727017479695,-0.37391690693008295,1.2177104453116685,900010,7,Top,24,3,R,3,5.0,R,L,"Demonstration, Synthetic"
FF,2024-06-01,94.39793685921741,2466.118126616996,6.178338013128038,-0.30699560616840377,1.2402928908752038,900010,7,Top,24,4,R,3,5.0,R,R,"Demonstration, Synthetic"
FF,2024-06-01,94.29298968292336,2422.2861803996134,6.383205191834714,-0.3414589600428013,1.127325041432756,900010,7,Top,25,1,R,3,5.0,R,L,"Demonstration, Synthetic"
CH,2024-06-01,87.5748395435827,1794.521037692965,6.157032256721088,-0.7899073212787661,0.475911576033802,900010,7,Top,25,2,R,3,5.0,R,R,"Demonstration, Synthetic"
SI,2024-06-01,94.06032735197762,2154.3538979119708,6.301962658671529,-0.8908762182970767,0.7036452018553188,900010,7,Top,25,3,R,3,5.0,R,R,"Demonstration, Synthetic"
FF,2024-06-01,94.32762124756367,2470.6970149420467,6.317603792839785,-0.5015835484978367,1.277157681087619,900010,7,Top,25,4,R,3,5.0,R,R,"Demonstration, Synthetic"
SI,2024-06-01,93.86519102749969,2236.3061456724595,6.248666247959327,-1.0473702191224237,0.8377491248450017,900010,7,Top,26,1,R,3,5.0,R,R,"Demonstration, Synthetic"
SL,2024-06-01,85.86919472124357,2454.0766498732028,6.270164067673133,0.48601822198213235,0.11695183635168249,900010,7,Top,26,2,R,3,5.0,R,R,"Demonstration, Synthetic"
FF,2024-06-01,93.54453038135571,2226.793392535688,6.150274492317387,-0.39458848770231586,1.2927294611210638,900010,7,Top,26,3,R,3,5.0,R,L,"Demonstration, Synthetic"
FF,2024-06-01,94.14179652558606,2383.0612127670533,6.1624235613691,-0.39090651558692147,1.263985741446505,900010,7,Top,26,4,R,3,5.0,R,R,"Demonstration, Synthetic"
SL,2024-06-01,85.35456469557565,2562.884317565128,6.247389513581732,0.39520575334059943,0.21797184976837727,900010,7,Top,27,1,R,3,5.0,R,L,"Demonstration, Synthetic"
FF,2024-06-01,93.68432816941137,2398.5748456255383,6.218698169226264,-0.32671494910566,1.286816832945571,900010,8,Top,27,2,R,3,5.0,R,L,"Demonstration, Synthetic"
SI,2024-06-01,92.48567742162757,2226.0375607689116,6.040783338352284,-0.9911232973408346,0.7721954645579893,900010,8,Top,27,3,R,3,5.0,R,L,"Demonstration, Synthetic"
SI,2024-06-01,91.94779386812642,2078.9962278165185,6.2105559508936565,-1.010352640152945,0.7729402214954582,900010,8,Top,27,4,R,3,5.0,R,R,"Demonstration, Synthetic"
FF,2024-06-07,95.28128594165362,2530.159310758197,6.357802565800104,-0.46118196028174285,1.3512419236741113,900011,1,Top,1,1,R,1,5.0,R,R,"Demonstration, Synthetic"
SL,2024-06-07,84.90498348423222,2627.2558460541823,6.323979686913151,0.3935850068382726,0.27805298751852536,900011,1,Top,1,2,R,1,5.0,R,R,"Demonstration, Synthetic"
SI,2024-06-07,93.67429276970378,2219.894066705878,6.340445514568145,-1.011650240046611,0.8035232936261897,900011,1,Top,1,3,R,1,5.0,R,R,"Demonstration, Synthetic"
CH,2024-06-07,87.20805556036552,1877.8522711345606,6.42344655682803,-0.7457162509906161,0.6407732004852122,900011,1,Top,1,4,R,1,5.0,R,R,"Demonstration, Synthetic"
FF,2024-06-07,94.25465253259587,2391.0330974859307,6.389360493903068,-0.386411734504118,1.2654174851469737,900011,1,Top,2,1,R,1,5.0,R,L,"Demonstration, Synthetic"
SL,2024-06-07,85.29087460199729,2530.1810724294064,6.295372698042758,0.40573930933293023,0.2337397129066964,900011,1,Top,2,2,R,1,5.0,R,L,"Demonstration, Synthetic"
SI,2024-06-07,94.19249958671102,2371.8185734909684,6.303849362681896,-1.0853757465504874,0.6477377677360426,900011,1,Top,2,3,R,1,5.0,R,L,"Demonstration, Synthetic"
CH,2024-06-07,88.04387083747554,1771.545111822555,6.207066837848358,-0.8329446080809291,0.46798655743897916,900011,1,Top,2,4,R,1,5.0,R,R,"Demonstration, Synthetic"
SI,2024-06-07,94.00449933628309,2319.925017090965,6.466418271711385,-1.0225259441695256,0.7043944886509919,900011,1,Top,3,1,R,1,5.0,R,R,"Demonstration, Synthetic"
FF,2024-06-07,95.77467075689385,2396.209314258851,6.240627223960123,-0.4394910349568536,1.2929456045202448,900011,1,Top,3,2,R,1,5.0,R,R,"Demonstration, Synthetic"
SI,2024-06-07,93.88177467331666,2304.0375583162436,6.4246664016691195,-1.1023837665786151,0.67076868039783,900011,1,Top,3,3,R,1,5.0,R,R,"Demonstration, Synthetic"
FF,2024-06-07,95.1329651919821,2476.8883389123425,6.381820358086028,-0.5682736436426621,1.26116928694603,900011,1,Top,3,4,R,1,5.0,R,R,"Demonstration, Synthetic"
FF,2024-06-07,95.25993663730628,2383.0606504873163,6.3473753352176,-0.4142905196149887,1.3571678213869187,900011,1,Top,4,1,R,1,5.0,R,R,"Demonstration, Synthetic"
FF,2024-06-07,95.83304605722067,2397.0893308328814,6.268299713321391,-0.46068399579841235,1.2768469540983116,900011,1,Top,4,2,R,1,5.0,R,R,"Demonstration, Synthetic"
FF,2024-06-07,95.77726393859956,2384.3966355987905,6.427130513879091,-0.5575304974498894,1.322135569655573,900011,1,Top,4,3,R,1,5.0,R,R,"Demonstration, Synthetic"
SL,2024-06-07,85.07442922545857,2638.734218039551,6.356478246347999,0.46486710353081284,0.2557484506693539,900011,2,Top,4,4,R,1,5.0,R,L,"Demonstration, Synthetic"
FF,2024-06-07,95.75331764025744,2379.6276379320207,6.366065770036934,-0.44334038129572456,1.4007549692647663,900011,2,Top,5,1,R,1,5.0,R,R,"Demonstration, Synthetic"
FF,2024-06-07,96.05960375795803,2533.2932813346824,6.448669404006443,-0.467583072204113,1.39965778324365,900011,2,Top,5,2,R,1,5.0,R,L,"Demonstration, Synthetic"
CH,2024-06-07,88.07103338987012,1792.977291325863,6.423845176150132,-0.8634824240827574,0.5416445612685702,900011,2,Top,5,3,R,1,5.0,R,R,"Demonstration, Synthetic"
CH,2024-06-07,87.6394660797735,1817.0057017100853,6.345055024727755,-0.7285489373445146,0.5280871879096699,900011,2,Top,5,4,R,1,5.0,R,L,"Demonstration, Synthetic"
SI,2024-06-07,94.53086128376002,2141.597394287106,6.475615817647173,-1.0963977427803597,0.6966107018268811,900011,2,Top,6,1,R,1,5.0,R,R,"Demonstration, Synthetic"
SI,2024-06-07,94.44798189481277,2209.502796830349,6.3064718254708785,-1.167925545092141,0.6719349338636471,900011,2,Top,6,2,R,1,5.0,R,L,"Demonstration, Synthetic"
SL,2024-06-07,84.85910115514181,2478.8774953492625,6.4811951205492475,0.5799085556859404,0.18650817385947588,900011,2,Top,6,3,R,1,5.0,R,L,"Demonstration, Synthetic"
FF,2024-06-07,96.39297276035772,2387.5737574202044,6.31266491618188,-0.4671622477342268,1.2434482439663381,900011,2,Top,6,4,R,1,5.0,R,L,"Demonstration, Synthetic"
FF,2024-06-07,95.50528215775391,2237.887664335938,6.297113813611927,-0.39818726953613,1.3721216370382285,900011,2,Top,7,1,R,1,5.0,R,R,"Demonstration, Synthetic"
FF,2024-06-07,96.14585021014334,2586.0766324951023,6.3619862158828555,-0.4802220658268289,1.2754379842194499,900011,2,Top,7,2,R,1,5.0,R,R,"Demonstration, Synthetic"
FF,2024-06-07,95.41501630325331,2463.5471610211457,6.288346174165792,-0.5229029716244323,1.2509612978525262,900011,2,Top,7,3,R,1,5.0,R,R,"Demonstration, Synthetic"
CH,2024-06-07,87.58524845294436,1822.6899306712162,6.507947582132852,-0.9326271808231951,0.5781604579728513,900011,2,Top,7,4,R,1,5.0,R,L,"Demonstration, Synthetic"
SL,2024-06-07,85.44811144287405,2653.018572254178,6.36381210278854,0.40535584722489093,0.28682079876126726,900011,2,Top,8,1,R,1,5.0,R,R,"Demonstration, Synthetic"
CH,2024-06-07,87.29351770478002,1900.4937185122055,6.3313973440442615,-0.8095517740753029,0.6278382256288302,900011,2,Top,8,2,R,1,5.0,R,L,"Demonstration, Synthetic"
SL,2024-06-07,85.82960275859587,2679.291603569775,6.403866333284598,0.3944903566531668,0.1743520421667591,900011,3,Top,8,3,R,1,5.0,R,L,"Demonstration, Synthetic"
SI,2024-06-07,93.68127650646483,2302.5009941755934,6.395812136719232,-1.0474965832037653,0.8349764172359397,900011,3,Top,8,4,R,1,5.0,R,R,"Demonstration, Synthetic"
SL,2024-06-07,84.55330889790137,2752.8907206742147,6.345286977640215,0.38193246430523947,0.24767466015730727,900011,3,Top,9,1,R,1,5.0,R,R,"Demonstration, Synthetic"
SL,2024-06-07,85.73498243617719,2587.274676213017,6.324613030818626,0.5162198922452859,0.2391776648483016,900011,3,Top,9,2,R,1,5.0,R,R,"Demonstration, Synthetic"
SI,2024-06-07,93.41808928868488,2140.29881413018,6.242003051679617,-1.0183525614511808,0.6433397963301966,900011,3,Top,9,3,R,1,5.0,R,R,"Demonstration, Synthetic"
FF,2024-06-07,95.03061983147465,2460.38156498571,6.411149783707435,-0.45017429601584374,1.258834201435552,900011,3,Top,9,4,R,1,5.0,R,L,"Demonstration, Synthetic"
SI,2024-06-07,93.48961816199441,2140.6189453964403,6.377962181408777,-1.050195499308368,0.8129387559333452,900011,3,Top,10,1,R,2,5.0,R,L,"Demonstration, Synthetic"
FF,2024-06-07,95.07464578946329,2487.3534096312874,6.380824613657033,-0.45396071149471395,1.262252848351276,900011,3,Top,10,2,R,2,5.0,R,R,"Demonstration, Synthetic"
SI,2024-06-07,93.82926277098176,2241.5805249140694,6.245604116888509,-1.0455140750463077,0.7018371375767152,900011,3,Top,10,3,R,2,5.0,R,R,"Demonstration, Synthetic"
FF,2024-06-07,95.6164019666306,2434.3545101333307,6.307508623331392,-0.48428076347207144,1.338148795731326,900011,3,Top,10,4,R,2,5.0,R,L,"Demonstration, Synthetic"
SI,2024-06-07,93.3479116869439,2301.8287242979663,6.308858733498941,-0.9197925514241494,0.850645161600856,900011,3,Top,11,1,R,2,5.0,R,L,"Demonstration, Synthetic"
FF,2024-06-07,95.60255140112167,2473.175254589204,6.306062278515202,-0.4990001600173633,1.3092881853984797,900011,3,Top,11,2,R,2,5.0,R,L,"Demonstration, Synthetic"
FF,2024-06-07,95.563312965665,2506.504470487975,6.279672222118876,-0.4745781497349416,1.3182775851687545,900011,3,Top,11,3,R,2,5.0,R,L,"Demonstration, Synthetic"
SI,2024-06-07,93.71022578765402,2260.6750890553103,6.312354201119126,-1.0592731134712157,0.7039298092462073,900011,3,Top,11,4,R,2,5.0,R,R,"Demonstration, Synthetic"
FF,2024-06-07,96.29043175521237,2431.9185195917053,6.383219193804929,-0.47296273395737726,1.3087516258494825,900011,3,Top,12,1,R,2,5.0,R,L,"Demonstration, Synthetic"
CH,2024-06-07,86.92884640618219,1821.6098455593922,6.380988323839553,-0.8303367621567695,0.5286719999531558,900011,4,Top,12,2,R,2,5.0,R,R,"Demonstration, Synthetic"
FF,2024-06-07,94.53434254507374,2642.3408883918014,6.222005442323293,-0.40444184263827393,1.3801871615009877,900011,4,Top,12,3,R,2,5.0,R,R,"Demonstration, Synthetic"
FF,2024-06-07,95.43635702006561,2533.1317285263053,6.329164297298357,-0.4391477864150608,1.3526473493292186,900011,4,Top,12,4,R,2,5.0,R,L,"Demonstration, Synthetic"
FF,2024-06-07,96.47831394120546,2406.007460383085,6.370097103783695,-0.3978404743870431,1.332393099234954,900011,4,Top,13,1,R,2,5.0,R,R,"Demonstration, Synthetic"
SL,2024-06-07,85.87225575588806,2607.0654285009796,6.371111478240923,0.4083742484671267,0.2731335283329083,900011,4,Top,13,2,R,2,5.0,R,R,"Demonstration, Synthetic"
SI,2024-06-07,93.28856285523918,2229.96336576257,6.426681028724598,-1.1017602566552298,0.7578717293606038,900011,4,Top,13,3,R,2,5.0,R,L,"Demonstration, Synthetic"
FF,2024-06-07,95.51890088910616,2387.4460153364357,6.282222643389491,-0.396956618943582,1.2679282338362023,900011,4,Top,13,4,R,2,5.0,R,R,"Demonstration, Synthetic"
FF,2024-06-07,95.41739469304147,2363.6027064329955,6.224519372956992,-0.358903865234073,1.2082117905703003,900011,4,Top,14,1,R,2,5.0,R,R,"Demonstration, Synthetic"
SL,2024-06-07,84.79848125740249,2626.8852925558494,6.5131971328057565,0.3899019718104256,0.23822453155020704,900011,4,Top,14,2,R,2,5.0,R,L,"Demonstration, Synthetic"
CH,2024-06-07,87.13044298482805,1896.1700948778275,6.323933822604535,-0.813615346012509,0.5949375698919137,900011,4,Top,14,3,R,2,5.0,R,R,"Demonstration, Synthetic"
FF,2024-06-07,95.52310777249578,2581.1771861891257,6.25720084482454,-0.527889540698437,1.2475342954553426,900011,4,Top,14,4,R,2,5.0,R,R,"Demonstration, Synthetic"
FF,2024-06-07,94.96073074781333,2423.073293429936,6.2716827976989,-0.4082668547223474,1.2530209662808975,900011,4,Top,15,1,R,2,5.0,R,R,"Demonstration, Synthetic"
FF,2024-06-07,95.63044804627192,2424.4570238323777,6.342024837609002,-0.5359826861981207,1.2314374924081775,900011,4,Top,15,2,R,2,5.0,R,R,"Demonstration, Synthetic"
FF,2024-06-07,95.64291937217864,2534.9453295387025,6.281070359286064,-0.48386229862953933,1.25048258942576,900011,4,Top,15,3,R,2,5.0,R,R,"Demonstration, Synthetic"
SL,2024-06-07,86.52626800020172,2629.919567029052,6.45002878596136,0.5285688204280033,0.2902814184968876,900011,4,Top,15,4,R,2,5.0,R,L,"Demonstration, Synthetic"
CH,2024-06-07,88.30983998728856,1888.856407494423,6.382342350643993,-0.7842583784838192,0.5576243597457706,900011,5,Top,16,1,R,2,5.0,R,R,"Demonstration, Synthetic"
CH,2024-06-07,87.43795365536096,1756.8062283006088,6.237508081934748,-0.8451325838985834,0.4509515642365851,900011,5,Top,16,2,R,2,5.0,R,L,"Demonstration, Synthetic"
SL,2024-06-07,86.07173165741854,2532.5109582274763,6.296238645714709,0.43391377841853646,0.17179800340503906,900011,5,Top,16,3,R,2,5.0,R,L,"Demonstration, Synthetic"
FF,2024-06-07,95.40023688187,2617.3115356427693,6.301064957105463,-0.45255800373938604,1.3078030451316185,900011,5,Top,16,4,R,2,5.0,R,R,"Demonstration, Synthetic"
CH,2024-06-07,87.06728139894649,1884.4538477251233,6.379615636564016,-0.8701185052138639,0.5937410351717525,900011,5,Top,17,1,R,2,5.0,R,L,"Demonstration, Synthetic"
FF,2024-06-07,94.71843710313622,2331.185900783381,6.405468960772453,-0.4649228597550358,1.4110650529904092,900011,5,Top,17,2,R,2,5.0,R,R,"Demonstration, Synthetic"
FF,2024-06-07,95.12285887967907,2378.4549870949313,6.24979931177357,-0.3398257147873744,1.297561120443191,900011,5,Top,17,3,R,2,5.0,R,R,"Demonstration, Synthetic"
SL,2024-06-07,85.46764651213466,2578.6729906842115,6.433523145487396,0.4674374853404759,0.1858599693914001,900011,5,Top,17,4,R,2,5.0,R,R,"Demonstration, Synthetic"
FF,2024-06-07,94.0431449378594,2423.1669925658894,6.3932519672929065,-0.442049241620287,1.3005355393961142,900011,5,Top,18,1,R,2,5.0,R,R,"Demonstration, Synthetic"
SL,2024-06-07,85.66162470108004,2557.010840391369,6.391129421842668,0.4336181046975241,0.3055362496590055,900011,5,Top,18,2,R,2,5.0,R,L,"Demonstration, Synthetic"
CH,2024-06-07,86.80480200206189,1810.2252828219623,6.356117464726339,-0.8869309263315823,0.4844863824009742,900011,5,Top,18,3,R,2,5.0,R,R,"Demonstration, Synthetic"
SL,2024-06-07,86.1679316600473,2577.294879490323,6.325633867113485,0.4848351227659876,0.3890388338387434,900011,5,Top,18,4,R,2,5.0,R,L,"Demonstration, Synthetic"
SL,2024-06-07,85.37362342288598,2540.4612171017784,6.281868428379125,0.41210478001119405,0.3066652345555694,900011,5,Top,19,1,R,3,5.0,R,L,"Demonstration, Synthetic"
FF,2024-06-07,94.9685853772205,2322.1519886668366,6.37792711569322,-0.37637546468966065,1.447558076056433,900011,5,Top,19,2,R,3,5.0,R,R,"Demonstration, Synthetic"
FF,2024-06-07,94.8218434578406,2399.577633567768,6.316223051080758,-0.4692322865270128,1.1263207646857494,900011,5,Top,19,3,R,3,5.0,R,R,"Demonstration, Synthetic"
SL,2024-06-07,85.30994287855638,2574.146537645319,6.224620201734865,0.4282140676212286,0.1210350294118023,900011,6,Top,19,4,R,3,5.0,R,L,"Demonstration, Synthetic"
SI,2024-06-07,94.11811143789801,2262.7078879299447,6.165148619929756,-1.0483776838394252,0.709919250096733,900011,6,Top,20,1,R,3,5.0,R,L,"Demonstration, Synthetic"
CH,2024-06-07,88.0991843012193,1876.9295799308304,6.290553031257074,-0.7064551498819569,0.47810763094721587,900011,6,Top,20,2,R,3,5.0,R,R,"Demonstration, Synthetic"
FF,2024-06-07,95.25623498458003,2465.1285271473917,6.325605055497706,-0.3774988362807077,1.2727733621027066,900011,6,Top,20,3,R,3,5.0,R,R,"Demonstration, Synthetic"
FF,2024-06-07,94.60032845534364,2446.702224540119,6.352954355187473,-0.44293726854783827,1.2500811649617434,900011,6,Top,20,4,R,3,5.0,R,R,"Demonstration, Synthetic"
FF,2024-06-07,94.67073806856358,2514.6463680094917,6.175904462027001,-0.4430911762894269,1.3121130106744234,900011,6,Top,21,1,R,3,5.0,R,R,"Demonstration, Synthetic"
SL,2024-06-07,85.52629807584145,2584.6341441059844,6.399036018375381,0.49897815932865375,0.3385986917664351,900011,6,Top,21,2,R,3,5.0,R,L,"Demonstration, Synthetic"
SL,2024-06-07,85.52797301381388,2489.941227246502,6.4330996314704905,0.5161674213701823,0.3607783473518739,900011,6,Top,21,3,R,3,5.0,R,L,"Demonstration, Synthetic"
CH,2024-06-07,87.4231938195057,1839.6726884760108,6.260799731450295,-0.7671493991940518,0.5394107911785794,900011,6,Top,21,4,R,3,5.0,R,L,"Demonstration, Synthetic"
FF,2024-06-07,93.4221934127589,2394.2735038799965,6.317699486012627,-0.3658806132508463,1.377622910507373,900011,6,Top,22,1,R,3,5.0,R,R,"Demonstration, Synthetic"
SI,2024-06-07,93.38868151938392,2307.517396467865,6.34235325145822,-1.0207916569734639,0.6820585519189584,900011,6,Top,22,2,R,3,5.0,R,R,"Demonstration, Synthetic"
FF,2024-06-07,94.65077555293917,2323.1100611050497,6.268677110659351,-0.4707710254102374,1.2920833807719778,900011,6,Top,22,3,R,3,5.0,R,R,"Demonstration, Synthetic"
FF,2024-06-07,95.06147226163702,2319.3165902271635,6.184989340920913,-0.40329078997065093,1.3569745519252407,900011,6,Top,22,4,R,3,5.0,R,L,"Demonstration, Synthetic"
FF,2024-06-07,95.64222305903324,2438.1617183910857,6.105748346968498,-0.4633701405648381,1.309049510944596,900011,6,Top,23,1,R,3,5.0,R,R,"Demonstration, Synthetic"
SI,2024-06-07,93.32254453590099,2268.1855900594574,6.268026026860325,-1.0460706575284837,0.6919734022111409,900011,6,Top,23,2,R,3,5.0,R,R,"Demonstration, Synthetic"
SI,2024-06-07,93.54085592674829,2134.6532772215137,6.3754533152775865,-1.08098546135958,0.6217814071928134,900011,7,Top,23,3,R,3,5.0,R,R,"Demonstration, Synthetic"
FF,2024-06-07,94.16917325485572,2570.822039881369,6.318960970754507,-0.389964785553379,1.1705767055560283,900011,7,Top,23,4,R,3,5.0,R,L,"Demonstration, Synthetic"
SI,2024-06-07,93.17472411946719,2168.917431756639,6.374063211144631,-1.0556209294920844,0.6192317997129327,900011,7,Top,24,1,R,3,5.0,R,L,"Demonstration, Synthetic"
SL,2024-06-07,85.48100714207116,2427.962224398747,6.326327512280699,0.4949013639435166,0.27742108191216974,900011,7,Top,24,2,R,3,5.0,R,L,"Demonstration, Synthetic"
FF,2024-06-07,94.09900965675686,2336.364424202307,6.35404410159319,-0.4354244925630298,1.3503506927666427,900011,7,Top,24,3,R,3,5.0,R,R,"Demonstration, Synthetic"
FF,2024-06-07,94.25172616977719,2463.463224171604,6.318395387028794,-0.41542413674824846,1.2667572808151086,900011,7,Top,24,4,R,3,5.0,R,R,"Demonstration, Synthetic"
SL,2024-06-07,84.03739789352379,2510.9967470089255,6.33985586660261,0.35636016166947126,0.22609117668585801,900011,7,Top,25,1,R,3,5.0,R,L,"Demonstration, Synthetic"
SL,2024-06-07,84.7792204068309,2609.760786611494,6.306779575955906,0.4329609665557397,0.3194444974604127,900011,7,Top,25,2,R,3,5.0,R,R,"Demonstration, Synthetic"
FF,2024-06-13,96.22706718384933,2395.0642407367504,6.595178243031581,-0.5307477358503004,1.2924940767500932,900012,1,Top,1,1,R,1,5.0,R,R,"Demonstration, Synthetic"
SL,2024-06-13,86.68915651846089,2574.7939180619533,6.314026676862566,0.4385208239966305,0.22418092225166683,900012,1,Top,1,2,R,1,5.0,R,L,"Demonstration, Synthetic"
SI,2024-06-13,94.81905052990405,2207.613345833448,6.394715782977985,-1.0640757905826619,0.7348694241611192,900012,1,Top,1,3,R,1,5.0,R,R,"Demonstration, Synthetic"
CH,2024-06-13,88.64223326021927,1885.0827436216628,6.4553151958283355,-0.8112749016015803,0.48860132315404653,900012,1,Top,1,4,R,1,5.0,R,L,"Demonstration, Synthetic"
FF,2024-06-13,96.0128756693669,2472.6656298712114,6.395082576855793,-0.4201453035183483,1.2792226215803706,900012,1,Top,2,1,R,1,5.0,R,R,"Demonstration, Synthetic"
SL,2024-06-13,86.38649782204672,2629.664582049664,6.362092578534322,0.3366631543774401,0.2548649010646944,900012,1,Top,2,2,R,1,5.0,R,L,"Demonstration, Synthetic"
SI,2024-06-13,93.83456480477318,2291.414906995182,6.4521664849749305,-1.0253386399474451,0.6778008402377713,900012,1,Top,2,3,R,1,5.0,R,R,"Demonstration, Synthetic"
CH,2024-06-13,88.04939193482208,1865.029573604144,6.416042032590326,-0.9075660097460108,0.4874524593343728,900012,1,Top,2,4,R,1,5.0,R,L,"Demonstration, Synthetic"
SI,2024-06-13,95.77135917846996,2191.66866571347,6.368767237458435,-1.0883057524361133,0.7367016059489434,900012,1,Top,3,1,R,1,5.0,R,R,"Demonstration, Synthetic"
SL,2024-06-13,86.9723627816051,2498.4062446434596,6.2663431944537304,0.40505850604430743,0.25079161935888644,900012,1,Top,3,2,R,1,5.0,R,L,"Demonstration, Synthetic"
FF,2024-06-13,96.5754250820639,2409.3747369970342,6.506916145901092,-0.4575746627660869,1.2975221610795662,900012,1,Top,3,3,R,1,5.0,R,L,"Demonstration, Synthetic"
FF,2024-06-13,96.40373361418528,2414.3042192106236,6.4360940020070325,-0.4283371718880189,1.2941790605471652,900012,1,Top,3,4,R,1,5.0,R,L,"Demonstration, Synthetic"
FF,2024-06-13,95.69123790673015,2446.205999057556,6.330420226095738,-0.47324908392950166,1.2581377257617354,900012,1,Top,4,1,R,1,5.0,R,L,"Demonstration, Synthetic"
FF,2024-06-13,95.81474541933372,2478.8148406816404,6.218321304453305,-0.4342566938081563,1.2696448575110408,900012,1,Top,4,2,R,1,5.0,R,L,"Demonstration, Synthetic"
FF,2024-06-13,95.83236087337231,2572.4931302409714,6.395549526939367,-0.39774284896491097,1.345501254012664,900012,1,Top,4,3,R,1,5.0,R,L,"Demonstration, Synthetic"
FF,2024-06-13,96.34510504583798,2533.1457186927464,6.226973323857828,-0.41131410182562067,1.2843752971856555,900012,2,Top,4,4,R,1,5.0,R,R,"Demonstration, Synthetic"
CH,2024-06-13,88.26167159108498,1865.2823904873003,6.412927978772836,-0.811933552213104,0.46268815483282105,900012,2,Top,5,1,R,1,5.0,R,L,"Demonstration, Synthetic"
FF,2024-06-13,95.79293730548054,2397.4146408807437,6.372666590348553,-0.455791128185691,1.1720390182196292,900012,2,Top,5,2,R,1,5.0,R,R,"Demonstration, Synthetic"
FF,2024-06-13,96.20418536022373,2526.0000296233598,6.433439314986172,-0.40227064450772787,1.3613050652591028,900012,2,Top,5,3,R,1,5.0,R,L,"Demonstration, Synthetic"
FF,2024-06-13,97.46512278460057,2562.6789974987373,6.287413917538057,-0.5558070363389346,1.3004331074035107,900012,2,Top,5,4,R,1,5.0,R,R,"Demonstration, Synthetic"
SI,2024-06-13,94.74171291632682,2292.4881589349634,6.330743356334982,-1.0186368108290325,0.7346202800584501,900012,2,Top,6,1,R,1,5.0,R,L,"Demonstration, Synthetic"
FF,2024-06-13,96.80391790292326,2517.4137710138934,6.336541622981958,-0.578387339265191,1.2911076348164292,900012,2,Top,6,2,R,1,5.0,R,L,"Demonstration, Synthetic"
SI,2024-06-13,94.77365897524548,2241.5678737643116,6.266857949661475,-1.1268430462031027,0.8233614889542535,900012,2,Top,6,3,R,1,5.0,R,R,"Demonstration, Synthetic"
SL,2024-06-13,86.72248008645917,2600.021555641663,6.413587856393228,0.46817199087009215,0.293440198512211,900012,2,Top,6,4,R,1,5.0,R,R,"Demonstration, Synthetic"
FF,2024-06-13,96.02991816691693,2477.6264686096993,6.4057096057377665,-0.48762575602256425,1.3972063683675187,900012,2,Top,7,1,R,1,5.0,R,R,"Demonstration, Synthetic"
CH,2024-06-13,88.19584615516052,1855.5411701383634,6.364102162858255,-0.7460525909600533,0.46166376304997886,900012,2,Top,7,2,R,1,5.0,R,L,"Demonstration, Synthetic"
FF,2024-06-13,96.98793433566617,,6.2239261313450465,-0.551400106076768,1.346181190997363,900012,2,Top,7,3,R,1,5.0,R,L,"Demonstration, Synthetic"
SL,2024-06-13,86.64131345513205,2587.438749555931,6.28489094353186,0.4075890974970421,0.2613835707519182,900012,2,Top,7,4,R,1,5.0,R,L,"Demonstration, Synthetic"
FF,2024-06-13,96.16638052265084,2374.212799786731,6.383436728403421,-0.45052190220053007,1.2672469849718284,900012,2,Top,8,1,R,1,5.0,R,R,"Demonstration, Synthetic"
SL,2024-06-13,85.51969524062756,2564.948263694647,6.292909929852328,0.480964564580343,0.2692361173812916,900012,2,Top,8,2,R,1,5.0,R,L,"Demonstration, Synthetic"
SL,2024-06-13,85.92464186869447,2635.813848586469,6.2204461005252165,0.3869668202357086,0.2077808898501045,900012,3,Top,8,3,R,1,5.0,R,L,"Demonstration, Synthetic"
FF,2024-06-13,97.02265046089454,2456.0879550969157,6.390344680147728,-0.3215236670727591,1.2786176166060148,900012,3,Top,8,4,R,1,5.0,R,R,"Demonstration, Synthetic"
FF,2024-06-13,95.92121265497308,2518.4565744127312,6.3916089785938235,-0.45614288880292686,1.2885428342277097,900012,3,Top,9,1,R,1,5.0,R,R,"Demonstration, Synthetic"
FF,2024-06-13,96.29319870580626,2449.2978446868333,6.283581929628715,-0.5248523076358398,1.2514243250226653,900012,3,Top,9,2,R,1,5.0,R,R,"Demonstration, Synthetic"
FF,2024-06-13,95.22244958331758,2472.334147053381,6.383601021093773,-0.5038624439385151,1.341343748740917,900012,3,Top,9,3,R,1,5.0,R,R,"Demonstration, Synthetic"
CH,2024-06-13,89.41530973628163,1785.7864705114625,6.409922399289325,-0.791826842047649,0.5715310921828581,900012,3,Top,9,4,R,1,5.0,R,R,"Demonstration, Synthetic"
SI,2024-06-13,95.61395357526575,2177.047875901084,6.47219088233246,-1.0264308884271054,0.7581069061850523,900012,3,Top,10,1,R,2,5.0,R,R,"Demonstration, Synthetic"
SI,2024-06-13,94.84669378500293,2235.7455025837053,6.304828282703048,-1.155484239600217,0.8328183436638483,900012,3,Top,10,2,R,2,5.0,R,L,"Demonstration, Synthetic"
CH,2024-06-13,87.67039585753707,1735.812299531416,6.339460517943042,-0.7875596618232309,0.5198069761432885,900012,3,Top,10,3,R,2,5.0,R,R,"Demonstration, Synthetic"
SL,2024-06-13,86.11216094839023,2605.122145630709,6.593626047360892,0.41613067659156255,0.1958002004946477,900012,3,Top,10,4,R,2,5.0,R,R,"Demonstration, Synthetic"
SL,2024-06-13,86.42500427090633,2586.28885277397,6.197575698434815,0.4597002554434339,0.1689248953542188,900012,3,Top,11,1,R,2,5.0,R,R,"Demonstration, Synthetic"
FF,2024-06-13,95.76617385589402,2489.2951259436036,6.337974604045888,-0.49342552048653254,1.2478077806463523,900012,3,Top,11,2,R,2,5.0,R,R,"Demonstration, Synthetic"
FF,2024-06-13,97.363284201039,2503.564320916401,6.383278340471579,-0.5106006396704446,1.2779976890712954,900012,3,Top,11,3,R,2,5.0,R,L,"Demonstration, Synthetic"
FF,2024-06-13,95.63995744325979,2502.0044624415364,6.302676310500068,-0.4090231924117005,1.3739836164893664,900012,3,Top,11,4,R,2,5.0,R,R,"Demonstration, Synthetic"
FF,2024-06-13,96.6650344957797,2484.4370987965895,6.258439950605463,-0.5606794333209736,1.3261982546611895,900012,3,Top,12,1,R,2,5.0,R,R,"Demonstration, Synthetic"
FF,2024-06-13,96.40271149427456,2445.7550624092437,6.425023323082004,-0.4000754887024961,1.3117000040300615,900012,4,Top,12,2,R,2,5.0,R,R,"Demonstration, Synthetic"
FF,2024-06-13,96.18932822330602,2457.004535763961,6.559453873886433,-0.4390686179469876,1.327014701022253,900012,4,Top,12,3,R,2,5.0,R,R,"Demonstration, Synthetic"
FF,2024-06-13,96.65194333210341,2516.3047720679415,6.367191299740277,-0.38794859425399375,1.3763011117980841,900012,4,Top,12,4,R,2,5.0,R,L,"Demonstration, Synthetic"
FF,2024-06-13,95.8496339587203,2442.550196664979,6.2925631775507735,-0.4531980205730941,1.1955185758937112,900012,4,Top,13,1,R,2,5.0,R,L,"Demonstration, Synthetic"
FF,2024-06-13,96.18123989994268,2387.4105973147216,6.353142945725644,-0.47061919658538254,1.295957737166179,900012,4,Top,13,2,R,2,5.0,R,R,"Demonstration, Synthetic"
FF,2024-06-13,96.80272158955967,2420.9429877542366,6.181647543818664,-0.462342909540569,1.271866031686947,900012,4,Top,13,3,R,2,5.0,R,L,"Demonstration, Synthetic"
FF,2024-06-13,96.2344814335539,2355.4709682262646,6.435605888829636,-0.4300689019922746,1.2289907073478683,900012,4,Top,13,4,R,2,5.0,R,R,"Demonstration, Synthetic"
SI,2024-06-13,94.74586485705024,2307.593337922945,6.349270363797897,-1.0731469835952459,0.9117451069679349,900012,4,Top,14,1,R,2,5.0,R,L,"Demonstration, Synthetic"
SL,2024-06-13,86.53693314202869,2629.2347353589066,6.419663007748154,0.41472215779523414,0.24671789108688802,900012,4,Top,14,2,R,2,5.0,R,R,"Demonstration, Synthetic"
SL,2024-06-13,86.01769365184482,2525.613752216757,6.156911013719354,0.5559213693896173,0.20187428061624363,900012,4,Top,14,3,R,2,5.0,R,L,"Demonstration, Synthetic"
FF,2024-06-13,96.20521253681208,2556.6589228571306,6.251746156435957,-0.548090021977654,1.2900168241242322,900012,4,Top,14,4,R,2,5.0,R,R,"Demonstration, Synthetic"
FF,2024-06-13,96.29333784955551,2469.8591515337002,6.203023200373762,-0.4223899787582713,1.3096843506862028,900012,4,Top,15,1,R,2,5.0,R,R,"Demonstration, Synthetic"
FF,2024-06-13,96.25926700150634,2450.486177017888,6.323776015998733,-0.4239175278737761,1.3016135237035111,900012,4,Top,15,2,R,2,5.0,R,L,"Demonstration, Synthetic"
FF,2024-06-13,96.94750908558221,2343.6766862673885,6.356347830724137,-0.4012021587647876,1.3607685492522161,900012,4,Top,15,3,R,2,5.0,R,L,"Demonstration, Synthetic"
FF,2024-06-13,96.8630090919172,2397.0580532890085,6.392391243967992,-0.4051052794302807,1.2722472254984905,900012,4,Top,15,4,R,2,5.0,R,L,"Demonstration, Synthetic"
CH,2024-06-13,88.8442340975549,1842.282724791476,6.162226101732946,-0.7981677017250898,0.5452302174583088,900012,5,Top,16,1,R,2,5.0,R,L,"Demonstration, Synthetic"
FF,2024-06-13,96.11223843417946,2493.6648690781853,6.497902552620323,-0.38940158102765665,1.334469216348707,900012,5,Top,16,2,R,2,5.0,R,R,"Demonstration, Synthetic"
FF,2024-06-13,96.66865456896029,2439.2957985410526,6.290036006882779,-0.5340061366930593,1.3340102801193563,900012,5,Top,16,3,R,2,5.0,R,R,"Demonstration, Synthetic"
SL,2024-06-13,86.15448106891945,2507.1190191484993,6.392453194042197,0.4765044128748544,0.21350415870736966,900012,5,Top,16,4,R,2,5.0,R,L,"Demonstration, Synthetic"
SI,2024-06-13,94.49612383069072,2215.036169628732,6.437977954224501,-1.0653643432832618,0.8312965908338551,900012,5,Top,17,1,R,2,5.0,R,R,"Demonstration, Synthetic"
FF,2024-06-13,96.08516841244203,2396.783256104461,6.428560763461702,-0.46925831384160843,1.2443888152120806,900012,5,Top,17,2,R,2,5.0,R,R,"Demonstration, Synthetic"
FF,2024-06-13,96.23437150074137,2415.237101611208,6.445187890408651,-0.4184567928432903,1.2759861565629709,900012,5,Top,17,3,R,2,5.0,R,R,"Demonstration, Synthetic"
CH,2024-06-13,88.7060745950054,1880.904568798724,6.31907691908994,-0.7850076486157317,0.5819624245553195,900012,5,Top,17,4,R,2,5.0,R,R,"Demonstration, Synthetic"
FF,2024-06-13,95.95791709344596,2363.22889780282,6.390476571137624,-0.3713113502656739,1.2095371674759228,900012,5,Top,18,1,R,2,5.0,R,L,"Demonstration, Synthetic"
SL,2024-06-13,85.89812104888249,2568.3389376908885,6.300621413204202,0.3615004453709866,0.27690443895839556,900012,5,Top,18,2,R,2,5.0,R,R,"Demonstration, Synthetic"
SL,2024-06-13,86.67057194679599,2547.687072726326,6.252109047334412,0.3950904221337842,0.32268514684793725,900012,5,Top,18,3,R,2,5.0,R,R,"Demonstration, Synthetic"
FF,2024-06-13,95.93065352076789,2472.7340162862743,6.302136070468116,-0.3950665186509709,1.3551801940686694,900012,5,Top,18,4,R,2,5.0,R,L,"Demonstration, Synthetic"
SL,2024-06-13,85.91380518385411,2510.3443438129007,6.267097636996413,0.43417033819389167,0.29671770611492393,900012,5,Top,19,1,R,3,5.0,R,R,"Demonstration, Synthetic"
FF,2024-06-13,95.9307471846335,2407.3998832294724,6.279162282756849,-0.48618211697750957,1.3064140906652972,900012,5,Top,19,2,R,3,5.0,R,R,"Demonstration, Synthetic"
FF,2024-06-13,95.59108209212926,2331.992165028114,6.449869571839104,-0.5272493991092827,1.2691374842165994,900012,5,Top,19,3,R,3,5.0,R,R,"Demonstration, Synthetic"
FF,2024-06-13,96.62948655820672,2355.3975361754733,6.33146961360636,-0.48994248232784576,1.1684422953797557,900012,6,Top,19,4,R,3,5.0,R,L,"Demonstration, Synthetic"
CH,2024-06-13,87.99406976687642,1796.929895632282,6.135725295965131,-0.790940895702792,0.6016537865088265,900012,6,Top,20,1,R,3,5.0,R,L,"Demonstration, Synthetic"
FF,2024-06-13,95.28558185260121,2290.461000385386,6.326657714202051,-0.5143663480725872,1.375455794923601,900012,6,Top,20,2,R,3,5.0,R,R,"Demonstration, Synthetic"
FF,2024-06-13,95.64591124630897,2402.995491195551,6.344524272519895,-0.48559789639752293,1.190469876096737,900012,6,Top,20,3,R,3,5.0,R,R,"Demonstration, Synthetic"
CH,2024-06-13,88.19139082768228,1969.7534295314135,6.231890128785183,-0.7274049519409693,0.45621840354117255,900012,6,Top,20,4,R,3,5.0,R,L,"Demonstration, Synthetic"
FF,2024-06-13,96.48060333741743,2369.472337012693,6.271401045739956,-0.47974194109187906,1.1706382775664133,900012,6,Top,21,1,R,3,5.0,R,R,"Demonstration, Synthetic"
CH,2024-06-13,88.46875371226506,1835.3308288792277,6.289206246586829,-0.746478327514425,0.4941016679292079,900012,6,Top,21,2,R,3,5.0,R,R,"Demonstration, Synthetic"
SL,2024-06-13,86.04729474200595,2540.4299149180038,6.308004290055605,0.4857023830895613,0.14912605571835888,900012,6,Top,21,3,R,3,5.0,R,R,"Demonstration, Synthetic"
SI,2024-06-13,93.94831913888272,2180.4461212190527,6.270029576393796,-0.9420189727999984,0.7375520221374877,900012,6,Top,21,4,R,3,5.0,R,L,"Demonstration, Synthetic"
SL,2024-06-13,85.8857981735873,2590.2088567226315,6.355854106714573,0.5083740795865548,0.234711396223934,900012,6,Top,22,1,R,3,5.0,R,R,"Demonstration, Synthetic"
SL,2024-06-13,84.67742138531796,2457.542853267576,6.438608357258946,0.47195599388398396,0.2041599794301653,900012,6,Top,22,2,R,3,5.0,R,L,"Demonstration, Synthetic"
FF,2024-06-13,94.82886525934047,2457.027741238447,6.231224324797864,-0.4286647551255405,1.295387846348844,900012,6,Top,22,3,R,3,5.0,R,R,"Demonstration, Synthetic"
CH,2024-06-13,88.43746465327202,1884.3231344315357,6.236320030881891,-0.882371960867718,0.49125213569736964,900012,6,Top,22,4,R,3,5.0,R,R,"Demonstration, Synthetic"
CH,2024-06-13,87.71228150863072,1773.9208403330535,6.337101377127486,-0.6690845738402458,0.4272292115444587,900012,6,Top,23,1,R,3,5.0,R,R,"Demonstration, Synthetic"
CH,2024-06-13,87.8212393332419,1762.1559931826691,6.22707126215171,-0.7278760195376748,0.5873634159805181,900012,6,Top,23,2,R,3,5.0,R,R,"Demonstration, Synthetic"
SI,2024-06-13,93.80764536581174,2126.7457502696648,6.263218940497163,-1.0410540131161101,0.7771489948393252,900012,7,Top,23,3,R,3,5.0,R,R,"Demonstration, Synthetic"
SI,2024-06-13,94.10792487492496,2244.520557322826,6.239481830809187,-0.9464204260668129,0.7485398821367013,900012,7,Top,23,4,R,3,5.0,R,R,"Demonstration, Synthetic"
SI,2024-06-13,93.99501757369107,2194.7566877521544,6.26957211265055,-1.0228974929752541,0.737204630679514,900012,7,Top,24,1,R,3,5.0,R,R,"Demonstration, Synthetic"
FF,2024-06-13,94.80142730166486,2447.0352134768877,6.248851680272081,-0.5104762165741908,1.3450728306143387,900012,7,Top,24,2,R,3,5.0,R,R,"Demonstration, Synthetic"
SI,2024-06-13,93.93740538467189,2232.283629908964,6.263104169978213,-1.0516979333176006,0.6593378759704815,900012,7,Top,24,3,R,3,5.0,R,R,"Demonstration, Synthetic"
SI,2024-06-13,94.4243694359387,2174.207470124421,6.237132245592062,-0.9775496540443295,0.7191006465294809,900012,7,Top,24,4,R,3,5.0,R,R,"Demonstration, Synthetic"
SL,2024-06-13,85.31808006346377,2541.7438015662237,6.241512544370251,0.41880798867686125,0.3651417598786062,900012,7,Top,25,1,R,3,5.0,R,R,"Demonstration, Synthetic"
FF,2024-06-13,94.54809974978781,2394.2068144367718,6.242769943427499,-0.38853742536999464,1.2815914156412338,900012,7,Top,25,2,R,3,5.0,R,R,"Demonstration, Synthetic"
SI,2024-06-13,94.05547455800527,2230.0281855696808,6.218804603908222,-0.9688835070472275,0.7432020395483141,900012,7,Top,25,3,R,3,5.0,R,R,"Demonstration, Synthetic"
SL,2024-06-13,85.52514474112282,2447.586471886473,6.283843177189353,0.3564131053408552,0.30016193995308177,900012,7,Top,25,4,R,3,5.0,R,R,"Demonstration, Synthetic"
FF,2024-06-13,94.21777399136698,2441.5144199694982,6.294162497063211,-0.38648335830767394,1.1998025848467797,900012,7,Top,26,1,R,3,5.0,R,L,"Demonstration, Synthetic"
CH,2024-06-13,88.28964018413832,1803.3192441799295,6.222425865565873,-0.6539639336104021,0.39329047994886984,900012,7,Top,26,2,R,3,5.0,R,L,"Demonstration, Synthetic"
SL,2024-06-13,85.349197656768,2638.310521606586,6.220257142850876,0.38440394147086304,0.25102735846685686,900012,7,Top,26,3,R,3,5.0,R,R,"Demonstration, Synthetic"
FF,2024-06-13,94.50036912440338,2338.7870292135353,6.169983664001138,-0.3629888760839099,1.271015417697011,900012,7,Top,26,4,R,3,5.0,R,R,"Demonstration, Synthetic"
FF,2024-06-13,94.82334522530284,2259.283008273535,6.269545831917004,-0.37676503725325716,1.2058109869169633,900012,7,Top,27,1,R,3,5.0,R,L,"Demonstration, Synthetic"
SL,2024-06-13,85.44915717267888,2600.925021746942,6.121006012870769,0.38935137454063207,0.2958637792564908,900012,8,Top,27,2,R,3,5.0,R,L,"Demonstration, Synthetic"
FF,2024-06-13,94.20910610924025,2391.142748394347,6.228791628329749,-0.31835758179945567,1.151596227199133,900012,8,Top,27,3,R,3,5.0,R,L,"Demonstration, Synthetic"
SL,2024-06-13,85.13632261045808,2607.1005657811716,6.251330301904952,0.33339090196844823,0.20729380728831862,900012,8,Top,27,4,R,3,5.0,R,R,"Demonstration, Synthetic"
FF,2024-06-19,96.89854409531584,2445.2319383525096,6.350526892487964,-0.4068262901041239,1.2676276213974245,900013,1,Top,1,1,R,1,5.0,R,R,"Demonstration, Synthetic"
SL,2024-06-19,85.36516541375636,2505.3841154937336,6.301602134250443,0.5250282024138643,0.21326044664177812,900013,1,Top,1,2,R,1,5.0,R,L,"Demonstration, Synthetic"
SI,2024-06-19,94.92214525910788,2348.6222368337076,6.392486876651094,-1.043013784164988,0.7950189353590158,900013,1,Top,1,3,R,1,5.0,R,R,"Demonstration, Synthetic"
CH,2024-06-19,87.4565380667663,1808.5775206869441,6.429554237578924,-0.7322379426122989,0.517777783999964,900013,1,Top,1,4,R,1,5.0,R,R,"Demonstration, Synthetic"
FF,2024-06-19,95.9131099419691,2406.1408119049993,6.364427819740429,-0.4814006650965359,1.360845347482586,900013,1,Top,2,1,R,1,5.0,R,L,"Demonstration, Synthetic"
SL,2024-06-19,86.19683376721407,2638.1201257036473,6.386685735054477,0.3943155223118531,0.2723837857225077,900013,1,Top,2,2,R,1,5.0,R,L,"Demonstration, Synthetic"
SI,2024-06-19,93.98181679968972,2325.0841953026647,6.2850946136340795,-1.0761088848751759,0.7613678344881915,900013,1,Top,2,3,R,1,5.0,R,L,"Demonstration, Synthetic"
CH,2024-06-19,86.93784659672565,1776.9574157339905,6.100442006090558,-0.8079069093772956,0.6892138225085713,900013,1,Top,2,4,R,1,5.0,R,R,"Demonstration, Synthetic"
FF,2024-06-19,95.24213888385678,2386.4149582120067,6.24503123753135,-0.5218483558578227,1.28647007893349,900013,1,Top,3,1,R,1,5.0,R,R,"Demonstration, Synthetic"
FF,2024-06-19,95.78343420545119,2466.425628102446,6.35289615765301,-0.5156287504014125,1.2193301785445692,900013,1,Top,3,2,R,1,5.0,R,L,"Demonstration, Synthetic"
SL,2024-06-19,85.04699932252515,2642.2011070733347,6.344952883785311,0.375070720092835,0.34962272913837833,900013,1,Top,3,3,R,1,5.0,R,R,"Demonstration, Synthetic"
FF,2024-06-19,95.48677139145349,2494.297889078243,6.356083769404377,-0.4167919259167112,1.3069327703446065,900013,1,Top,3,4,R,1,5.0,R,R,"Demonstration, Synthetic"
FF,2024-06-19,95.71177823547796,2363.574089418655,6.3779560978627305,-0.39480066926691215,1.3401285104510965,900013,1,Top,4,1,R,1,5.0,R,L,"Demonstration, Synthetic"
FF,2024-06-19,96.66297760614515,2491.7383392519937,6.347275944042978,-0.4401625803934567,1.3559240085385666,900013,1,Top,4,2,R,1,5.0,R,R,"Demonstration, Synthetic"
SL,2024-06-19,85.84624568006521,2513.207614275931,6.25339780706125,0.48003251576279027,0.3358679809017549,900013,1,Top,4,3,R,1,5.0,R,R,"Demonstration, Synthetic"
FF,2024-06-19,95.75299946619374,2516.451124689071,6.497241272979406,-0.46969944291077204,1.3053963037492595,900013,2,Top,4,4,R,1,5.0,R,L,"Demonstration, Synthetic"
SL,2024-06-19,85.97595932322228,2488.429221586058,6.498985677859899,0.3758555501401306,0.22710764101299272,900013,2,Top,5,1,R,1,5.0,R,L,"Demonstration, Synthetic"
SL,2024-06-19,85.95792976964125,2532.7632327600604,6.305554624285878,0.41892924593144787,0.21620637538327625,900013,2,Top,5,2,R,1,5.0,R,R,"Demonstration, Synthetic"
SL,2024-06-19,85.77271783668783,2517.8110526211976,6.289376263487732,0.4593027753782985,0.2643933688070895,900013,2,Top,5,3,R,1,5.0,R,L,"Demonstration, Synthetic"
FF,2024-06-19,96.96294501280988,2440.6312802001935,6.265672784789621,-0.5048668539953135,1.2364358033804803,900013,2,Top,5,4,R,1,5.0,R,L,"Demonstration, Synthetic"
SL,2024-06-19,86.90368136865568,2574.09559552758,6.349162816455163,0.49237492330543925,0.2812252449580236,900013,2,Top,6,1,R,1,5.0,R,L,"Demonstration, Synthetic"
FF,2024-06-19,96.58827934617406,2518.845512563221,6.30300392278327,-0.47867806323216566,1.2346907305823926,900013,2,Top,6,2,R,1,5.0,R,R,"Demonstration, Synthetic"
CH,2024-06-19,87.83313752491658,1822.2603190486452,6.309362061020678,-0.7525993340832902,0.5753788443014096,900013,2,Top,6,3,R,1,5.0,R,R,"Demonstration, Synthetic"
SL,2024-06-19,86.65839619482927,2570.194200637316,6.284215625563484,0.4068143601029608,0.18228495090297095,900013,2,Top,6,4,R,1,5.0,R,R,"Demonstration, Synthetic"
FF,2024-06-19,96.56086273804183,2469.9552355356573,6.433312720618154,-0.30617299712809154,1.2955676339475344,900013,2,Top,7,1,R,1,5.0,R,R,"Demonstration, Synthetic"
SL,2024-06-19,86.00203348457511,2515.485287566332,6.402101304400854,0.38165254684569605,0.271096251341602,900013,2,Top,7,2,R,1,5.0,R,R,"Demonstration, Synthetic"
SI,2024-06-19,95.01601287998649,2259.0372775930896,6.514024606318241,-1.116620641577857,0.7932266387755775,900013,2,Top,7,3,R,1,5.0,R,L,"Demonstration, Synthetic"
FF,2024-06-19,95.69315272168922,2493.4596467163597,6.24495802705966,-0.4629366896969638,1.3503276219020697,900013,2,Top,7,4,R,1,5.0,R,R,"Demonstration, Synthetic"
FF,2024-06-19,96.70404041693936,2426.6338201814833,6.384540880628022,-0.5206330267964053,1.271722337258176,900013,2,Top,8,1,R,1,5.0,R,L,"Demonstration, Synthetic"
SI,2024-06-19,94.31694319025698,2296.4337455903114,6.3311912681273474,-1.0822789156293484,0.6473872706206987,900013,2,Top,8,2,R,1,5.0,R,L,"Demonstration, Synthetic"
SL,2024-06-19,85.89557530605963,2690.2979548812496,6.3612420517482855,0.5830884836827276,0.2505324862850177,900013,3,Top,8,3,R,1,5.0,R,L,"Demonstration, Synthetic"
CH,2024-06-19,87.9511623557738,1811.1182888166722,6.288069364652049,-0.8122230668361775,0.6032830561487962,900013,3,Top,8,4,R,1,5.0,R,R,"Demonstration, Synthetic"
FF,2024-06-19,95.54939334525075,2450.0057870126366,6.437633103409196,-0.44562699121732063,1.2900926461996427,900013,3,Top,9,1,R,1,5.0,R,R,"Demonstration, Synthetic"
SL,2024-06-19,86.78290265770605,2575.7151912691243,6.395431132328929,0.517572973906701,0.17745372558268369,900013,3,Top,9,2,R,1,5.0,R,R,"Demonstration, Synthetic"
SL,2024-06-19,86.40844391058795,2679.348518751376,6.4086654291680265,0.46648341890698924,0.23027784249184152,900013,3,Top,9,3,R,1,5.0,R,R,"Demonstration, Synthetic"
SL,2024-06-19,86.10863278852509,2715.3996541167153,6.31697202014382,0.4522722977753987,0.25988303619820197,900013,3,Top,9,4,R,1,5.0,R,L,"Demonstration, Synthetic"
SI,2024-06-19,93.7411705052471,2297.732118750676,6.35674246810188,-1.1548330402394857,0.7305803403003818,900013,3,Top,10,1,R,2,5.0,R,L,"Demonstration, Synthetic"
FF,2024-06-19,95.01173354920715,2481.9636324931084,6.5319348024254715,-0.46398450954714154,1.3208685209303548,900013,3,Top,10,2,R,2,5.0,R,L,"Demonstration, Synthetic"
SL,2024-06-19,85.91563269131049,2664.796652064711,6.195009190807763,0.45442780883084566,0.30074969942899443,900013,3,Top,10,3,R,2,5.0,R,R,"Demonstration, Synthetic"
FF,2024-06-19,95.63741126496525,2526.32295746687,6.477609108703791,-0.4472823021404951,1.30298471504727,900013,3,Top,10,4,R,2,5.0,R,R,"Demonstration, Synthetic"
FF,2024-06-19,95.85609397754979,2454.505523811173,6.240884282267003,-0.3524198578670594,1.3951649795032721,900013,3,Top,11,1,R,2,5.0,R,L,"Demonstration, Synthetic"
SI,2024-06-19,94.12949816806858,2234.499616572972,6.505411352514082,-1.0915318431911976,0.6086642787368362,900013,3,Top,11,2,R,2,5.0,R,L,"Demonstration, Synthetic"
FF,2024-06-19,96.44354409072054,2547.5327023851632,6.4461215741787825,-0.4468239555567875,1.1754222625905002,900013,3,Top,11,3,R,2,5.0,R,L,"Demonstration, Synthetic"
FF,2024-06-19,95.93878711033928,2490.402230207262,6.335533110500831,-0.5078470823410993,1.2398956754036785,900013,3,Top,11,4,R,2,5.0,R,L,"Demonstration, Synthetic"
FF,2024-06-19,96.08026837912547,2571.8325140422094,6.271531355437038,-0.41144550900363275,1.405578950296852,900013,3,Top,12,1,R,2,5.0,R,L,"Demonstration, Synthetic"
SL,2024-06-19,86.1983881758277,2630.152414480656,6.4814254134278775,0.5721610927302692,0.23599097932764027,900013,4,Top,12,2,R,2,5.0,R,R,"Demonstration, Synthetic"
CH,2024-06-19,88.07512784398375,1855.475190872194,6.40371996228002,-0.7869842788749809,0.497129127430833,900013,4,Top,12,3,R,2,5.0,R,R,"Demonstration, Synthetic"
FF,2024-06-19,96.09563604785158,2420.3660176886474,6.383448967703446,-0.3912289439467682,1.248542659110362,900013,4,Top,12,4,R,2,5.0,R,L,"Demonstration, Synthetic"
FF,2024-06-19,95.95959994272165,2551.0470143755306,6.335991702288347,-0.3820181508767014,1.3703085208429018,900013,4,Top,13,1,R,2,5.0,R,R,"Demonstration, Synthetic"
SL,2024-06-19,86.8692393260053,2601.7268947382404,6.418504718156441,0.42260046111645666,0.33542913081666464,900013,4,Top,13,2,R,2,5.0,R,L,"Demonstration, Synthetic"
FF,2024-06-19,95.50282531827395,2541.6957212072625,6.396540664241677,-0.4030685577623203,1.45689455197518,900013,4,Top,13,3,R,2,5.0,R,R,"Demonstration, Synthetic"
CH,2024-06-19,87.34928224056219,1943.1153130045989,6.340401026413256,-0.7998521143340176,0.4864665884130827,900013,4,Top,13,4,R,2,5.0,R,R,"Demonstration, Synthetic"
SI,2024-06-19,94.18505188577852,2312.2576016074077,6.338122234527442,-1.0502726014076071,0.7630392976488629,900013,4,Top,14,1,R,2,5.0,R,L,"Demonstration, Synthetic"
FF,2024-06-19,95.6752229341263,2467.676083970096,6.363281684071731,-0.3825525309027532,1.377870786492193,900013,4,Top,14,2,R,2,5.0,R,L,"Demonstration, Synthetic"
SI,2024-06-19,93.74699551216744,2258.4899358426546,6.384390525852918,-1.1145158460876519,0.746247648254715,900013,4,Top,14,3,R,2,5.0,R,R,"Demonstration, Synthetic"
FF,2024-06-19,96.14087577154066,2469.731025352378,6.308633985072851,-0.5076446467894531,1.42618837200343,900013,4,Top,14,4,R,2,5.0,R,R,"Demonstration, Synthetic"
SL,2024-06-19,85.7959580968542,2622.4598806247236,6.4733985493475314,0.4683946522598741,0.06503169142307122,900013,4,Top,15,1,R,2,5.0,R,L,"Demonstration, Synthetic"
FF,2024-06-19,96.46675055912957,2461.8990532031985,6.387232226184927,-0.4051854829369914,1.2745765919581045,900013,4,Top,15,2,R,2,5.0,R,R,"Demonstration, Synthetic"
SL,2024-06-19,85.63419182065697,2618.215130795758,6.291758080414418,0.5232611556227963,0.22256528769153452,900013,4,Top,15,3,R,2,5.0,R,L,"Demonstration, Synthetic"
SL,2024-06-19,85.18979076264789,2575.745622258494,6.306852790996669,0.4638220811483833,0.26339427617048977,900013,4,Top,15,4,R,2,5.0,R,L,"Demonstration, Synthetic"
CH,2024-06-19,88.38417019303635,1969.5604944426623,6.338101232738623,-0.8373841441974128,0.5510727059505042,900013,5,Top,16,1,R,2,5.0,R,R,"Demonstration, Synthetic"
CH,2024-06-19,87.88697282242036,1903.4259568859684,6.41294897918738,-0.7243476496949899,0.6028096230440525,900013,5,Top,16,2,R,2,5.0,R,L,"Demonstration, Synthetic"
FF,2024-06-19,95.61815258935661,2395.7998349871095,6.370566015893994,-0.418811774786662,1.2151280609233583,900013,5,Top,16,3,R,2,5.0,R,L,"Demonstration, Synthetic"
SI,2024-06-19,94.65341104214947,2265.8135552448507,6.325405736726674,-1.0934052163001555,0.7531923259469339,900013,5,Top,16,4,R,2,5.0,R,L,"Demonstration, Synthetic"
SL,2024-06-19,86.14762266978826,2543.4456205724546,6.286532785334658,0.34990458957456594,0.15745556925861476,900013,5,Top,17,1,R,2,5.0,R,L,"Demonstration, Synthetic"
FF,2024-06-19,96.66030961724374,2359.102812040166,6.2347121289849055,-0.465696291088662,1.424298273256283,900013,5,Top,17,2,R,2,5.0,R,R,"Demonstration, Synthetic"
FF,2024-06-19,96.02523105270963,2418.297986314086,6.478161754450195,-0.47996121644863454,1.249083383026703,900013,5,Top,17,3,R,2,5.0,R,L,"Demonstration, Synthetic"
FF,2024-06-19,95.55452138876639,2446.301242113137,6.267305324711172,-0.38303258938595364,1.2622162167579916,900013,5,Top,17,4,R,2,5.0,R,R,"Demonstration, Synthetic"
FF,2024-06-19,95.1576201018677,2332.7340198902434,6.303448120005611,-0.3141778455446266,1.346830462634453,900013,5,Top,18,1,R,2,5.0,R,R,"Demonstration, Synthetic"
CH,2024-06-19,88.42044091207703,2049.531224135908,6.212386043452231,-0.807915365458877,0.46451261498916646,900013,5,Top,18,2,R,2,5.0,R,R,"Demonstration, Synthetic"
SI,2024-06-19,94.74532442074148,2235.4380664826194,6.2871320821597765,-1.0200988951315604,0.7918832964162803,900013,5,Top,18,3,R,2,5.0,R,L,"Demonstration, Synthetic"
SL,2024-06-19,86.07161069000645,2540.153067791165,6.443699021273723,0.4320072120763248,0.22821173744100695,900013,5,Top,18,4,R,2,5.0,R,L,"Demonstration, Synthetic"
CH,2024-06-19,87.68760156252452,1858.8489659915072,6.319988919528919,-0.7568223162745797,0.5092461668092444,900013,5,Top,19,1,R,3,5.0,R,R,"Demonstration, Synthetic"
FF,2024-06-19,95.23537152532325,2452.0620720987167,6.2328952400474105,-0.37150450661899265,1.2553440342474262,900013,5,Top,19,2,R,3,5.0,R,R,"Demonstration, Synthetic"
SL,2024-06-19,85.50986593276716,2581.4395384585373,6.330268832833853,0.4177475739296239,0.22039695286367778,900013,5,Top,19,3,R,3,5.0,R,L,"Demonstration, Synthetic"
FF,2024-06-19,95.58830529337806,2343.804056866166,6.205747468497283,-0.39684351507714916,1.3240028583894847,900013,6,Top,19,4,R,3,5.0,R,L,"Demonstration, Synthetic"
FF,2024-06-19,96.44794945407845,2435.692790508139,6.293378271929816,-0.5045514900533734,1.1842964070067123,900013,6,Top,20,1,R,3,5.0,R,R,"Demonstration, Synthetic"
FF,2024-06-19,95.00802305859516,2528.5711718154125,6.289080716997506,-0.367724587671241,1.1972818680911814,900013,6,Top,20,2,R,3,5.0,R,L,"Demonstration, Synthetic"
FF,2024-06-19,95.53325543552178,2551.8884409765406,6.296091519584,-0.41260290457691856,1.1818476469995407,900013,6,Top,20,3,R,3,5.0,R,L,"Demonstration, Synthetic"
FF,2024-06-19,95.12792859405003,2415.2352624939695,6.280866850373247,-0.45808141391702173,1.237815091530741,900013,6,Top,20,4,R,3,5.0,R,L,"Demonstration, Synthetic"
SI,2024-06-19,93.75707753501867,2087.3679297323906,6.197477476274505,-1.0212579952299738,0.7144529882956376,900013,6,Top,21,1,R,3,5.0,R,L,"Demonstration, Synthetic"
FF,2024-06-19,94.59727254942848,2263.0018323575155,6.310061620387299,-0.48715610660596154,1.243916408947121,900013,6,Top,21,2,R,3,5.0,R,L,"Demonstration, Synthetic"
FF,2024-06-19,95.30572208609922,2435.1551830522194,6.334191486747262,-0.5448983400135707,1.2463685003680067,900013,6,Top,21,3,R,3,5.0,R,R,"Demonstration, Synthetic"
SL,2024-06-19,85.6322696130278,2651.5382133228786,6.31806058744678,0.5068605096168437,0.23497535506163197,900013,6,Top,21,4,R,3,5.0,R,L,"Demonstration, Synthetic"
FF,2024-06-19,93.96713176326108,2284.583766281061,6.360378798010666,-0.3963499837326758,1.3155896544339571,900013,6,Top,22,1,R,3,5.0,R,R,"Demonstration, Synthetic"
SL,2024-06-19,86.15411271409575,2532.5694022602465,6.430506250209764,0.4837685093904817,0.26216118348821005,900013,6,Top,22,2,R,3,5.0,R,L,"Demonstration, Synthetic"
CH,2024-06-19,87.56120643078623,1801.1702402852786,6.2142028504464335,-0.7847405618622968,0.4652455173729636,900013,6,Top,22,3,R,3,5.0,R,R,"Demonstration, Synthetic"
SL,2024-06-19,84.63508130328205,2601.7396804171462,6.442135755753766,0.3405314751723936,0.16970151549500767,900013,6,Top,22,4,R,3,5.0,R,R,"Demonstration, Synthetic"
SI,2024-06-19,93.52809900843052,2270.0018449780414,6.224089805228386,-1.095806109039642,0.7917076394215806,900013,6,Top,23,1,R,3,5.0,R,L,"Demonstration, Synthetic"
SL,2024-06-19,84.10492786857421,2651.509274511003,6.185433365385483,0.46151227835080255,0.2187169784858388,900013,6,Top,23,2,R,3,5.0,R,L,"Demonstration, Synthetic"
SL,2024-06-19,85.57010951463974,2490.4902602821803,6.32259529783265,0.39497386507289656,0.25112726553398856,900013,7,Top,23,3,R,3,5.0,R,L,"Demonstration, Synthetic"
CH,2024-06-19,86.80044130189629,1802.3611812449974,6.2542150524598386,-0.6261329112235041,0.42039541559450816,900013,7,Top,23,4,R,3,5.0,R,L,"Demonstration, Synthetic"
CH,2024-06-19,87.63617984723513,1823.4903617850327,6.333671348184333,-0.7877762250405888,0.49703270466363747,900013,7,Top,24,1,R,3,5.0,R,L,"Demonstration, Synthetic"
FF,2024-06-19,93.91412653718697,2329.2111896093033,6.346198962605346,-0.42874121926183484,1.2325167478839483,900013,7,Top,24,2,R,3,5.0,R,R,"Demonstration, Synthetic"
SI,2024-06-19,93.35300952962484,2105.7137363201387,6.294771877269826,-1.057201920798921,0.715706721826473,900013,7,Top,24,3,R,3,5.0,R,L,"Demonstration, Synthetic"
SL,2024-06-19,85.39503211772968,2561.6923465287123,6.197713213560786,0.40931694095397,0.2710316487588979,900013,7,Top,24,4,R,3,5.0,R,L,"Demonstration, Synthetic"
FF,2024-06-19,94.10266227162512,2345.525150147893,6.353933477447119,-0.4984908398102958,1.2792268651462848,900013,7,Top,25,1,R,3,5.0,R,R,"Demonstration, Synthetic"
SI,2024-06-19,92.41132911085523,2128.426264921292,6.215790919285973,-0.9684468811228607,0.6496423105740253,900013,7,Top,25,2,R,3,5.0,R,R,"Demonstration, Synthetic"
SL,2024-06-19,84.62455597466547,2455.032063135795,6.256261559848445,0.39788523182354807,0.16632803182574402,900013,7,Top,25,3,R,3,5.0,R,R,"Demonstration, Synthetic"
SL,2024-06-19,85.67285504481978,2488.8798039542703,6.231186010843926,0.2951864730555801,0.20000315154431886,900013,7,Top,25,4,R,3,5.0,R,L,"Demonstration, Synthetic"
FF,2024-06-19,93.9799392622993,2304.3116888382706,6.297772644465316,-0.3644916849245393,1.2596716383386861,900013,7,Top,26,1,R,3,5.0,R,R,"Demonstration, Synthetic"
FF,2024-06-19,93.96292354964152,2289.939542500098,6.333054121112176,-0.45187708330889664,1.239326239153149,900013,7,Top,26,2,R,3,5.0,R,R,"Demonstration, Synthetic"
FF,2024-06-19,94.41542488094878,2309.0626076436874,6.2599558063772704,-0.39767100622526197,1.1995886498144397,900013,7,Top,26,3,R,3,5.0,R,R,"Demonstration, Synthetic"
SI,2024-06-19,93.6827798613637,2157.87739056038,6.240838209072871,-1.0107681065822973,0.7357305373650126,900013,7,Top,26,4,R,3,5.0,R,L,"Demonstration, Synthetic"
CH,2024-06-19,87.87883722653588,1684.8266384057122,6.254210747827567,-0.8549740681418065,0.53955672400291,900013,7,Top,27,1,R,3,5.0,R,L,"Demonstration, Synthetic"
CH,2024-06-19,87.83710319491384,1734.3575030869292,6.087760130239571,-0.8032119244663695,0.5248676059546745,900013,8,Top,27,2,R,3,5.0,R,R,"Demonstration, Synthetic"
FF,2024-06-19,94.87322670665213,2374.2007827627704,6.134090128023602,-0.4069898300786907,1.2510070787451328,900013,8,Top,27,3,R,3,5.0,R,R,"Demonstration, Synthetic"
FF,2024-06-19,94.43080541388949,2380.9435483727366,6.0928323605931025,-0.40218143458626754,1.1951935996383838,900013,8,Top,27,4,R,3,5.0,R,L,"Demonstration, Synthetic"
SL,2024-06-19,85.19879117589673,2534.1412525648884,6.2272993232761475,0.46891015857685775,0.2818935078716273,900013,8,Top,28,1,R,4,5.0,R,R,"Demonstration, Synthetic"
SL,2024-06-19,85.59750785500371,2386.600410649363,6.134524331565178,0.47396766900394843,0.2762871594067801,900013,8,Top,28,2,R,4,5.0,R,L,"Demonstration, Synthetic"
FF,2024-06-25,96.06001492406699,2486.1995499296645,6.408881235451463,-0.4944958803915839,1.3439175237587266,900014,1,Top,1,1,R,1,5.0,R,L,"Demonstration, Synthetic"
SL,2024-06-25,86.02962281915278,2586.585792158613,6.298027395967349,0.3709908830023496,0.3188631424063107,900014,1,Top,1,2,R,1,5.0,R,L,"Demonstration, Synthetic"
SI,2024-06-25,94.00802057103435,2223.492809240984,6.452140385193039,-0.9988094305029592,0.735555627530778,900014,1,Top,1,3,R,1,5.0,R,R,"Demonstration, Synthetic"
CH,2024-06-25,87.89142572867651,1827.449562684217,6.358727843556158,-0.7872980744318113,0.5955277738898896,900014,1,Top,1,4,R,1,5.0,R,R,"Demonstration, Synthetic"
FF,2024-06-25,97.02672896366637,2479.2508742798677,6.327291254454699,-0.43778441952696134,1.3339879314871728,900014,1,Top,2,1,R,1,5.0,R,L,"Demonstration, Synthetic"
SL,2024-06-25,85.362142306283,2600.508611626215,6.385087154043171,0.35104668970447617,0.3551625065449968,900014,1,Top,2,2,R,1,5.0,R,L,"Demonstration, Synthetic"
SI,2024-06-25,93.92046682753757,2291.5429532474695,6.461147609664404,-0.800925516177624,0.8216815479034218,900014,1,Top,2,3,R,1,5.0,R,R,"Demonstration, Synthetic"
CH,2024-06-25,88.27856415065438,1884.1233248274223,6.261903413032245,-0.8726351099083912,0.47358824047369064,900014,1,Top,2,4,R,1,5.0,R,R,"Demonstration, Synthetic"
CH,2024-06-25,87.7934867009339,1846.2680864297124,6.259942676704141,-0.8402438543610443,0.5127744276247929,900014,1,Top,3,1,R,1,5.0,R,R,"Demonstration, Synthetic"
FF,2024-06-25,96.07816489257438,2417.226343805477,6.402877685117345,-0.5276183473583934,1.28220209414512,900014,1,Top,3,2,R,1,5.0,R,R,"Demonstration, Synthetic"
SI,2024-06-25,94.3515311190396,2186.250411650911,6.437431004627272,-1.0322719895185557,0.724122271324575,900014,1,Top,3,3,R,1,5.0,R,L,"Demonstration, Synthetic"
SI,2024-06-25,94.25686690322247,2148.702162286758,6.244471083574078,-0.9754146835441265,0.8139860152718594,900014,1,Top,3,4,R,1,5.0,R,L,"Demonstration, Synthetic"
FF,2024-06-25,95.24575156647842,2430.452833908056,6.200656298579018,-0.49023555911474015,1.2786158595849286,900014,1,Top,4,1,R,1,5.0,R,R,"Demonstration, Synthetic"
FF,2024-06-25,96.20509634087755,2461.5035546655563,6.339865147747302,-0.5604247017912718,1.342942140439543,900014,1,Top,4,2,R,1,5.0,R,R,"Demonstration, Synthetic"
FF,2024-06-25,95.40497100854351,2477.582822099171,6.120014725350236,-0.5132072746685854,1.3291627040960694,900014,1,Top,4,3,R,1,5.0,R,R,"Demonstration, Synthetic"
FF,2024-06-25,95.63066826312587,2370.983651576086,6.250312426409455,-0.4187619949047285,1.275314386682424,900014,2,Top,4,4,R,1,5.0,R,R,"Demonstration, Synthetic"
SL,2024-06-25,85.82133301812304,2550.7120338100044,6.366156581589007,0.4608077666283487,0.24566826780419762,900014,2,Top,5,1,R,1,5.0,R,R,"Demonstration, Synthetic"
SL,2024-06-25,85.45029812988722,2514.73346413034,6.318426007588885,0.5739117142852993,0.16906982077499133,900014,2,Top,5,2,R,1,5.0,R,L,"Demonstration, Synthetic"
FF,2024-06-25,96.31638597060834,2456.387358907182,6.32532016555977,-0.46407248394903655,1.3488777108169792,900014,2,Top,5,3,R,1,5.0,R,L,"Demonstration, Synthetic"
SL,2024-06-25,85.67842469864027,2691.4873943066414,6.3390676892712685,0.4470291472960558,0.2528031546870522,900014,2,Top,5,4,R,1,5.0,R,R,"Demonstration, Synthetic"
FF,2024-06-25,95.90005297202516,2394.922372567392,6.346411504894775,-0.5262687225935444,1.3037371725094369,900014,2,Top,6,1,R,1,5.0,R,L,"Demonstration, Synthetic"
CH,2024-06-25,87.93863828340028,1812.1927926379049,6.500388001995623,-0.7656855520600738,0.6369041243581368,900014,2,Top,6,2,R,1,5.0,R,R,"Demonstration, Synthetic"
FF,2024-06-25,95.44959891121314,2523.128476829695,6.2862316452694795,-0.4098713459713607,1.2997792927562652,900014,2,Top,6,3,R,1,5.0,R,R,"Demonstration, Synthetic"
SL,2024-06-25,86.57884763173024,2583.8366520130216,6.262011110894407,0.4911835355544927,0.281453697143827,900014,2,Top,6,4,R,1,5.0,R,L,"Demonstration, Synthetic"
CH,2024-06-25,88.07188096511018,1795.9992785504164,6.320637191525556,-0.8051353883966483,0.4625411585809164,900014,2,Top,7,1,R,1,5.0,R,L,"Demonstration, Synthetic"
SL,2024-06-25,85.54138035620691,2604.6277152180674,6.297789813834571,0.5647610792972119,0.13499670357960225,900014,2,Top,7,2,R,1,5.0,R,R,"Demonstration, Synthetic"
SL,2024-06-25,85.4945952462347,2521.252247077987,6.27112178532646,0.4521265037823797,0.09591825116163608,900014,2,Top,7,3,R,1,5.0,R,R,"Demonstration, Synthetic"
FF,2024-06-25,96.52722557701392,2444.1311516022515,6.302443330016215,-0.4642490545478902,1.264466850165118,900014,2,Top,7,4,R,1,5.0,R,L,"Demonstration, Synthetic"
SL,2024-06-25,86.15878740849453,2685.0293660778934,6.4370395013577415,0.5529856488886249,0.2649322646059874,900014,2,Top,8,1,R,1,5.0,R,L,"Demonstration, Synthetic"
SI,2024-06-25,94.46904428725493,2301.506073605376,6.204286642930573,-1.0324728443732312,0.6573751487732222,900014,2,Top,8,2,R,1,5.0,R,L,"Demonstration, Synthetic"
FF,2024-06-25,95.7974659900926,2462.5371147866394,6.361074761547989,-0.4390170239509719,1.245752715577474,900014,3,Top,8,3,R,1,5.0,R,R,"Demonstration, Synthetic"
CH,2024-06-25,87.22658957602367,1844.1997096297048,6.335733795456321,-0.7341623310037928,0.6082106579085221,900014,3,Top,8,4,R,1,5.0,R,R,"Demonstration, Synthetic"
FF,2024-06-25,95.485802389953,2414.538717612635,6.238074596743477,-0.45829055234450844,1.3379883038909708,900014,3,Top,9,1,R,1,5.0,R,R,"Demonstration, Synthetic"
FF,2024-06-25,96.30733758188536,2444.1105916270235,6.301072653055646,-0.4845129664590511,1.2492387323024583,900014,3,Top,9,2,R,1,5.0,R,L,"Demonstration, Synthetic"
CH,2024-06-25,87.8271893234334,1884.397024444053,6.451971292495632,-0.7200751564443277,0.45122594152991186,900014,3,Top,9,3,R,1,5.0,R,R,"Demonstration, Synthetic"
FF,2024-06-25,95.95816876049163,2464.6670501712274,6.211889341182337,-0.36224145943341607,1.3308966458243146,900014,3,Top,9,4,R,1,5.0,R,R,"Demonstration, Synthetic"
FF,2024-06-25,95.65018111079682,2411.948335581731,6.311381441820753,-0.5295066232274256,1.3466021340225867,900014,3,Top,10,1,R,2,5.0,R,R,"Demonstration, Synthetic"
FF,2024-06-25,96.00967319974148,2448.221568147109,6.3484288830003965,-0.5149307529738711,1.2608393208047644,900014,3,Top,10,2,R,2,5.0,R,R,"Demonstration, Synthetic"
SL,2024-06-25,85.90185789311204,2616.1321286409852,6.2280137613372855,0.48991306464509576,0.2502049530405107,900014,3,Top,10,3,R,2,5.0,R,L,"Demonstration, Synthetic"
SL,2024-06-25,87.15890578857831,2574.803765938533,6.365527330360254,0.445942167643439,0.19078468631496093,900014,3,Top,10,4,R,2,5.0,R,R,"Demonstration, Synthetic"
FF,2024-06-25,95.5735740364902,2374.658396898523,6.334853098993758,-0.5354359361166035,1.3805876333040337,900014,3,Top,11,1,R,2,5.0,R,R,"Demonstration, Synthetic"
SI,2024-06-25,94.05889492046032,2171.019172171953,6.376768583338458,-0.9995150170719381,0.7784420598344592,900014,3,Top,11,2,R,2,5.0,R,R,"Demonstration, Synthetic"
SI,2024-06-25,94.14294681625262,2295.1981855635563,6.341274004081982,-1.146601967636465,0.7615302548797082,900014,3,Top,11,3,R,2,5.0,R,L,"Demonstration, Synthetic"
SL,2024-06-25,86.18304356303263,2581.420418878819,6.435922967039009,0.4008232104084171,0.3370952423107593,900014,3,Top,11,4,R,2,5.0,R,L,"Demonstration, Synthetic"
SL,2024-06-25,85.10784882324762,2572.088366738115,6.371740308122651,0.40576295102755117,0.3219614083169029,900014,3,Top,12,1,R,2,5.0,R,R,"Demonstration, Synthetic"
CH,2024-06-25,87.4715780992817,1791.4563862966218,6.350683999469504,-0.7408406401964888,0.5570337599001235,900014,4,Top,12,2,R,2,5.0,R,L,"Demonstration, Synthetic"
FF,2024-06-25,95.98896271068486,2463.334536079047,6.362794526138071,-0.39642616038099476,1.3363486480682272,900014,4,Top,12,3,R,2,5.0,R,R,"Demonstration, Synthetic"
FF,2024-06-25,95.91951600067551,2517.105537948195,6.3251080455616515,-0.4222945317046073,1.2774106130417344,900014,4,Top,12,4,R,2,5.0,R,R,"Demonstration, Synthetic"
SI,2024-06-25,95.04070298243695,2381.1285779196664,6.2268628415312754,-1.1352826645964997,0.7307063660021272,900014,4,Top,13,1,R,2,5.0,R,R,"Demonstration, Synthetic"
FF,2024-06-25,96.35364460975357,2437.116517823522,6.522335858668555,-0.37314073924964264,1.3651313961271883,900014,4,Top,13,2,R,2,5.0,R,L,"Demonstration, Synthetic"
SI,2024-06-25,95.31156284840215,2195.205170902736,6.3218409509994355,-1.0772974348694366,0.8164382195462349,900014,4,Top,13,3,R,2,5.0,R,L,"Demonstration, Synthetic"
FF,2024-06-25,95.55996595268553,2394.886382624638,6.355575150324887,-0.38377879974291046,1.2517583487323145,900014,4,Top,13,4,R,2,5.0,R,R,"Demonstration, Synthetic"
FF,2024-06-25,95.95391941521625,2456.607331179885,6.342246514429658,-0.41551711637304045,1.2797712257267675,900014,4,Top,14,1,R,2,5.0,R,L,"Demonstration, Synthetic"
CH,2024-06-25,87.03656820965432,1834.3661236723785,6.34415718481644,-0.9240266134765639,0.5291387898906713,900014,4,Top,14,2,R,2,5.0,R,L,"Demonstration, Synthetic"
FF,2024-06-25,95.75982599778315,2456.304751513985,6.2872748450017735,-0.4493510088346479,1.3034851843955062,900014,4,Top,14,3,R,2,5.0,R,R,"Demonstration, Synthetic"
SI,2024-06-25,94.22109983219931,2267.4004480330914,6.543683762902945,-1.0584421432010584,0.7332459452776189,900014,4,Top,14,4,R,2,5.0,R,L,"Demonstration, Synthetic"
SL,2024-06-25,85.47148204606889,2536.888950500034,6.304564148240179,0.4177055064276841,0.19090338904908932,900014,4,Top,15,1,R,2,5.0,R,R,"Demonstration, Synthetic"
FF,2024-06-25,95.89543089734154,2419.9089086346526,6.47484602161505,-0.404942621700649,1.3314378886164426,900014,4,Top,15,2,R,2,5.0,R,L,"Demonstration, Synthetic"
FF,2024-06-25,95.79537766832135,2443.6855363247914,6.473502938494684,-0.4498490810124546,1.2611033575553738,900014,4,Top,15,3,R,2,5.0,R,L,"Demonstration, Synthetic"
FF,2024-06-25,95.99952423910631,2396.943112281293,6.33484778657548,-0.41605130567479043,1.210732604181499,900014,4,Top,15,4,R,2,5.0,R,R,"Demonstration, Synthetic"
SI,2024-06-25,94.37567662414553,2219.9202499966623,6.302288636017325,-1.132698104163185,0.828324371807656,900014,5,Top,16,1,R,2,5.0,R,R,"Demonstration, Synthetic"
FF,2024-06-25,96.11274562979294,2398.5621156400975,6.400716234656762,-0.4488149746164383,1.3095514082132031,900014,5,Top,16,2,R,2,5.0,R,L,"Demonstration, Synthetic"
SL,2024-06-25,86.32621791134488,2621.8657572658767,6.354513188962068,0.4009918040501783,0.24134249781375794,900014,5,Top,16,3,R,2,5.0,R,L,"Demonstration, Synthetic"
FF,2024-06-25,96.24165312898654,2333.875682704985,6.471609825348106,-0.5259120021011684,1.3060275562499737,900014,5,Top,16,4,R,2,5.0,R,L,"Demonstration, Synthetic"
FF,2024-06-25,95.18030288079306,2433.0460427042945,6.261422599960608,-0.4680750703752735,1.2912774641263505,900014,5,Top,17,1,R,2,5.0,R,R,"Demonstration, Synthetic"
FF,2024-06-25,95.59840813980614,2501.327098861297,6.372612703218392,-0.45773449656404996,1.3502486087743488,900014,5,Top,17,2,R,2,5.0,R,R,"Demonstration, Synthetic"
FF,2024-06-25,95.78779395372703,2356.5698711908744,6.248239524472198,-0.5326352137020156,1.3091178669402792,900014,5,Top,17,3,R,2,5.0,R,R,"Demonstration, Synthetic"
FF,2024-06-25,95.41361914771322,2350.3867383945503,6.436984928309228,-0.44703175253343436,1.3140455317233182,900014,5,Top,17,4,R,2,5.0,R,R,"Demonstration, Synthetic"
CH,2024-06-25,87.69854005005324,1673.2144541045298,6.371678330983416,-0.9040204413432873,0.5444738975283724,900014,5,Top,18,1,R,2,5.0,R,L,"Demonstration, Synthetic"
FF,2024-06-25,95.98976135988441,2454.8503107308275,6.425345834415001,-0.41994060604355826,1.3443436153382344,900014,5,Top,18,2,R,2,5.0,R,R,"Demonstration, Synthetic"
SI,2024-06-25,93.88755781732175,2420.5026317323645,6.409608686619751,-0.9974867217083405,0.7739933411485409,900014,5,Top,18,3,R,2,5.0,R,L,"Demonstration, Synthetic"
SI,2024-06-25,94.01101293046226,2098.9687849506076,6.4346715345816685,-1.1631915947380773,0.7590941102088715,900014,5,Top,18,4,R,2,5.0,R,L,"Demonstration, Synthetic"
SL,2024-06-25,85.82258353351783,2627.3878098527844,6.24778466494148,0.44217185275088333,0.23673997712423953,900014,5,Top,19,1,R,3,5.0,R,R,"Demonstration, Synthetic"
SL,2024-06-25,84.74270819778151,2653.1043047031753,6.227906216928912,0.4514147285740061,0.40386457370455575,900014,5,Top,19,2,R,3,5.0,R,R,"Demonstration, Synthetic"
FF,2024-06-25,95.87029796284078,2233.2640284207496,6.312913838994561,-0.47193545520863306,1.267602147094991,900014,5,Top,19,3,R,3,5.0,R,R,"Demonstration, Synthetic"
SL,2024-06-25,85.55400395470315,2511.3494516656247,6.250198058071075,0.5111610096839218,0.15379214569330152,900014,6,Top,19,4,R,3,5.0,R,L,"Demonstration, Synthetic"
FF,2024-06-25,95.01007062177129,2384.2411207564646,6.150102782359991,-0.4779789069167485,1.307313020844287,900014,6,Top,20,1,R,3,5.0,R,L,"Demonstration, Synthetic"
SL,2024-06-25,85.6270834357975,2731.17508007378,6.2486867625940175,0.5398816458808415,0.2236861869804261,900014,6,Top,20,2,R,3,5.0,R,L,"Demonstration, Synthetic"
FF,2024-06-25,95.03167094695615,2389.0902028599853,6.298851333601727,-0.39797060365127296,1.253054699893939,900014,6,Top,20,3,R,3,5.0,R,L,"Demonstration, Synthetic"
SL,2024-06-25,85.52774100038344,2476.1548099083147,6.270654983102946,0.41313261237047577,0.2684092159679502,900014,6,Top,20,4,R,3,5.0,R,L,"Demonstration, Synthetic"
SI,2024-06-25,94.28085038464077,2160.290602030641,6.25041085678422,-1.0288879268737983,0.73197026381474,900014,6,Top,21,1,R,3,5.0,R,L,"Demonstration, Synthetic"
SL,2024-06-25,85.71532103052432,2588.5524216597655,6.215049082027143,0.4405182231156735,0.3273040438193485,900014,6,Top,21,2,R,3,5.0,R,L,"Demonstration, Synthetic"
FF,2024-06-25,94.52188626800611,2429.5636740039627,6.3435842145634895,-0.46827879449766685,1.2860940355877952,900014,6,Top,21,3,R,3,5.0,R,R,"Demonstration, Synthetic"
SL,2024-06-25,85.75172988509102,2463.4242262796006,6.328039980437905,0.4628368715948612,0.2566810193787627,900014,6,Top,21,4,R,3,5.0,R,R,"Demonstration, Synthetic"
SL,2024-06-25,85.42266806019963,2607.818264340636,6.441960669989575,0.4465518617400684,0.24590380978723508,900014,6,Top,22,1,R,3,5.0,R,R,"Demonstration, Synthetic"
SI,2024-06-25,93.76104628241363,2183.8359463094457,6.259542783843267,-1.029330895768633,0.6815691176084228,900014,6,Top,22,2,R,3,5.0,R,L,"Demonstration, Synthetic"
FF,2024-06-25,93.95485894101135,2433.372671371442,6.344729723524437,-0.42955896943441435,1.2021861129991924,900014,6,Top,22,3,R,3,5.0,R,L,"Demonstration, Synthetic"
FF,2024-06-25,94.84934461328756,2301.90236195347,6.113490793969813,-0.42544022476420573,1.2355884579145437,900014,6,Top,22,4,R,3,5.0,R,L,"Demonstration, Synthetic"
FF,2024-06-25,94.601990023758,2342.2478255053456,6.143964780544929,-0.3591859267993677,1.2434785406422917,900014,6,Top,23,1,R,3,5.0,R,R,"Demonstration, Synthetic"
SL,2024-06-25,84.64963324555188,2493.0524606345534,6.300718984148637,0.3998610598875852,0.21007482036626007,900014,6,Top,23,2,R,3,5.0,R,R,"Demonstration, Synthetic"
FF,2024-06-25,94.86383045936574,2344.679236886092,6.224652601497361,-0.4397060641462448,1.3078072658582252,900014,7,Top,23,3,R,3,5.0,R,L,"Demonstration, Synthetic"
SL,2024-06-25,84.72359218810229,2563.192516716529,6.305880921039847,0.4009049118799464,0.16789181242589402,900014,7,Top,23,4,R,3,5.0,R,L,"Demonstration, Synthetic"
SL,2024-06-25,84.49915508927724,2622.0058184315685,6.329976565705494,0.4158975700177518,0.3305844786612974,900014,7,Top,24,1,R,3,5.0,R,R,"Demonstration, Synthetic"
SL,2024-06-25,85.42077193225317,2580.26525905051,6.177938883619962,0.5106746720046041,0.2655283153410945,900014,7,Top,24,2,R,3,5.0,R,L,"Demonstration, Synthetic"
SL,2024-06-25,85.05842438280968,2611.7040328286007,6.321533055175303,0.4058202408185399,0.24497113305710072,900014,7,Top,24,3,R,3,5.0,R,L,"Demonstration, Synthetic"
SI,2024-06-25,94.20439952360371,2171.965581622119,6.131399750983731,-1.0227530075464668,0.795787033069862,900014,7,Top,24,4,R,3,5.0,R,L,"Demonstration, Synthetic"
SI,2024-06-25,92.8612300081921,2158.2628003559753,6.126431698733348,-1.0421829148586494,0.6580886966932726,900014,7,Top,25,1,R,3,5.0,R,R,"Demonstration, Synthetic"
FF,2024-06-25,94.23982200205054,2315.6015668424575,6.26614678541677,-0.4615513353842905,1.1780528346037722,900014,7,Top,25,2,R,3,5.0,R,L,"Demonstration, Synthetic"
SL,2024-06-25,84.78216678036368,2623.1864090572,6.25764828759251,0.3061720337786077,0.2300858350276681,900014,7,Top,25,3,R,3,5.0,R,L,"Demonstration, Synthetic"
CH,2024-06-25,87.12796802997919,1741.7250767295768,6.344396662080519,-0.6963963749931945,0.4681324903065314,900014,7,Top,25,4,R,3,5.0,R,R,"Demonstration, Synthetic"
SI,2024-06-25,93.2507237359814,2126.9816527762423,6.2699231890112825,-0.9663742431947286,0.677465195495344,900014,7,Top,26,1,R,3,5.0,R,R,"Demonstration, Synthetic"
CH,2024-06-25,87.18665327369526,1799.4865972676869,6.35855426593663,-0.7851885281590264,0.57925346794269,900014,7,Top,26,2,R,3,5.0,R,R,"Demonstration, Synthetic"
CH,2024-06-25,86.86337376160827,1748.4318597094752,6.323303220012935,-0.7374624400585992,0.46909436393194454,900014,7,Top,26,3,R,3,5.0,R,R,"Demonstration, Synthetic"
SI,2024-06-25,93.99102374829683,2115.52967111363,6.2253436317690065,-0.9621134235684896,0.7115664385000509,900014,7,Top,26,4,R,3,5.0,R,R,"Demonstration, Synthetic"
FF,2024-07-01,95.77187614796269,2292.122129908931,6.395123909219485,-0.5272106157268358,1.2810536094902565,900015,1,Top,1,1,R,1,5.0,R,R,"Demonstration, Synthetic"
SL,2024-07-01,85.25414959845425,2648.399089453837,6.392745130261758,0.41223752806336517,0.1942965605926565,900015,1,Top,1,2,R,1,5.0,R,L,"Demonstration, Synthetic"
SI,2024-07-01,94.6072845372683,2311.6012641784714,6.331473657684955,-1.062275578478197,0.7111151232879839,900015,1,Top,1,3,R,1,5.0,R,L,"Demonstration, Synthetic"
CH,2024-07-01,87.98785610208876,1815.68660872382,6.44476313964115,-0.7761043847437944,0.6576589519145541,900015,1,Top,1,4,R,1,5.0,R,R,"Demonstration, Synthetic"
FF,2024-07-01,95.32942378850653,2330.5316484513983,6.328104620657971,-0.5561877906072674,1.2460473851592504,900015,1,Top,2,1,R,1,5.0,R,R,"Demonstration, Synthetic"
SL,2024-07-01,85.74308489132011,2571.7702878776804,6.449177837148413,0.49061437589386914,0.15266982182737115,900015,1,Top,2,2,R,1,5.0,R,L,"Demonstration, Synthetic"
SI,2024-07-01,94.58460083406197,2257.264055333695,6.348184037605021,-1.0377268543148248,0.7084867925391861,900015,1,Top,2,3,R,1,5.0,R,R,"Demonstration, Synthetic"
CH,2024-07-01,87.20555766521292,1926.956043052969,6.3450634121700915,-0.8678339874053809,0.44663301271273975,900015,1,Top,2,4,R,1,5.0,R,L,"Demonstration, Synthetic"
FF,2024-07-01,95.7856208991121,2544.160422496655,6.179588131347909,-0.4237124704535432,1.3056019516785875,900015,1,Top,3,1,R,1,5.0,R,L,"Demonstration, Synthetic"
FF,2024-07-01,95.19134968816515,2461.7032806411544,6.376548298142392,-0.37817187464837076,1.286323511471589,900015,1,Top,3,2,R,1,5.0,R,L,"Demonstration, Synthetic"
FF,2024-07-01,95.11127085091427,2438.4572954628875,6.396284660702734,-0.49068086751122886,1.3145237848827842,900015,1,Top,3,3,R,1,5.0,R,R,"Demonstration, Synthetic"
SI,2024-07-01,93.5235423303209,2213.1438979196987,6.388829294203643,-0.9461205353447228,0.7911313155883694,900015,1,Top,3,4,R,1,5.0,R,R,"Demonstration, Synthetic"
FF,2024-07-01,95.7756996913065,2366.697266920499,6.368075415527124,-0.5263017932579815,1.247634552493182,900015,1,Top,4,1,R,1,5.0,R,R,"Demonstration, Synthetic"
FF,2024-07-01,95.25197410227771,2438.251457472532,6.271843373349137,-0.5179884177086307,1.3381326742745339,900015,1,Top,4,2,R,1,5.0,R,L,"Demonstration, Synthetic"
FF,2024-07-01,95.31997894931726,2391.745274368953,6.373671302495139,-0.28893740359221987,1.3330518643415343,900015,1,Top,4,3,R,1,5.0,R,L,"Demonstration, Synthetic"
SL,2024-07-01,86.05207496485042,2556.7765933132832,6.404348334269305,0.4220339401985516,0.32280003897655707,900015,2,Top,4,4,R,1,5.0,R,L,"Demonstration, Synthetic"
CH,2024-07-01,87.61487867143569,1900.3594478006837,6.273609231095401,-0.8087321955417603,0.6005230401336908,900015,2,Top,5,1,R,1,5.0,R,L,"Demonstration, Synthetic"
FF,2024-07-01,96.07433189511953,2478.5831907142065,6.375035306919196,-0.5221266455301901,1.2865591285887032,900015,2,Top,5,2,R,1,5.0,R,L,"Demonstration, Synthetic"
FF,2024-07-01,95.66654535547944,2368.1628848575406,6.520666458434575,-0.4903546850423699,1.3297164399751298,900015,2,Top,5,3,R,1,5.0,R,R,"Demonstration, Synthetic"
FF,2024-07-01,95.48494325597139,2411.6812064827395,6.321375616790679,-0.549676314166388,1.2985338259080208,900015,2,Top,5,4,R,1,5.0,R,L,"Demonstration, Synthetic"
FF,2024-07-01,96.13497174331073,2453.7326753606794,6.396426195675601,-0.4535724783798132,1.262324466819591,900015,2,Top,6,1,R,1,5.0,R,R,"Demonstration, Synthetic"
CH,2024-07-01,87.76998329788776,1754.416819194087,6.487233687823938,-0.7683007806032675,0.4981087611917214,900015,2,Top,6,2,R,1,5.0,R,R,"Demonstration, Synthetic"
SI,2024-07-01,94.09400805216366,2236.5741143317027,6.393358734000447,-1.0608675269551313,0.793020026082936,900015,2,Top,6,3,R,1,5.0,R,L,"Demonstration, Synthetic"
SL,2024-07-01,86.08089541204725,2704.2718378094964,6.328225280426484,0.443050325977986,0.23553388564179112,900015,2,Top,6,4,R,1,5.0,R,R,"Demonstration, Synthetic"
CH,2024-07-01,88.3757193574237,1879.739095313258,6.376545723742136,-0.6971795456499018,0.5555783525693487,900015,2,Top,7,1,R,1,5.0,R,L,"Demonstration, Synthetic"
SI,2024-07-01,94.28689628787929,2277.8667787388995,6.3902537502007295,-1.0519318878841566,0.7747713910798534,900015,2,Top,7,2,R,1,5.0,R,L,"Demonstration, Synthetic"
FF,2024-07-01,96.50547356649378,2448.480745770267,6.326192685582374,-0.4993968132499379,1.232553382260831,900015,2,Top,7,3,R,1,5.0,R,L,"Demonstration, Synthetic"
SI,2024-07-01,93.87248328425157,2213.4213909643963,6.392379425924785,-0.9281781935398139,0.7992342958808941,900015,2,Top,7,4,R,1,5.0,R,R,"Demonstration, Synthetic"
FF,2024-07-01,95.63677892733007,2425.468347955962,6.358373229244046,-0.4244110557461828,1.2604265263814338,900015,2,Top,8,1,R,1,5.0,R,R,"Demonstration, Synthetic"
FF,2024-07-01,95.73226082314429,2505.54587729165,6.254387425537701,-0.4677355189930595,1.2135201319296478,900015,2,Top,8,2,R,1,5.0,R,R,"Demonstration, Synthetic"
CH,2024-07-01,87.8159252805209,1866.6012022326422,6.383352099126707,-0.7845882774255726,0.47790818246218425,900015,3,Top,8,3,R,1,5.0,R,L,"Demonstration, Synthetic"
FF,2024-07-01,95.56937953366239,2476.6397935873074,6.3940672160358485,-0.3973108852845706,1.2882023380976464,900015,3,Top,8,4,R,1,5.0,R,L,"Demonstration, Synthetic"
SI,2024-07-01,94.41995133489002,2328.141299043008,6.538810979972602,-1.0869169867658606,0.8774446551707364,900015,3,Top,9,1,R,1,5.0,R,L,"Demonstration, Synthetic"
FF,2024-07-01,96.10525175119957,2537.1251766467367,6.464157933093149,-0.5152415186234324,1.2902004230910749,900015,3,Top,9,2,R,1,5.0,R,L,"Demonstration, Synthetic"
FF,2024-07-01,95.59537540355294,2438.408356504805,6.583891468608372,-0.3469317895921681,1.213633147797962,900015,3,Top,9,3,R,1,5.0,R,R,"Demonstration, Synthetic"
SI,2024-07-01,94.28549154329306,2301.9305206588506,6.372078576593199,-1.1307966823717117,0.6881202387548311,900015,3,Top,9,4,R,1,5.0,R,L,"Demonstration, Synthetic"
SL,2024-07-01,85.31860334664712,2606.461164318815,6.342817660026303,0.5031690571789964,0.2454108537431878,900015,3,Top,10,1,R,2,5.0,R,R,"Demonstration, Synthetic"
SL,2024-07-01,85.52984208780704,2554.7716644019333,6.397036875713049,0.40310472706648826,0.36564386523962533,900015,3,Top,10,2,R,2,5.0,R,R,"Demonstration, Synthetic"
FF,2024-07-01,95.96506769301548,2561.506215579216,6.4567619922473565,-0.39854031029003584,1.2561983867324165,900015,3,Top,10,3,R,2,5.0,R,R,"Demonstration, Synthetic"
FF,2024-07-01,96.71674957915008,2571.38580822125,6.380856198877485,-0.47599366631521545,1.2464026369235048,900015,3,Top,10,4,R,2,5.0,R,R,"Demonstration, Synthetic"
SI,2024-07-01,94.07369881672626,2122.9069084804178,6.264046908071006,-1.0051292883057386,0.7368740227326368,900015,3,Top,11,1,R,2,5.0,R,L,"Demonstration, Synthetic"
SI,2024-07-01,94.23505007480112,2228.8532942205447,6.293921992952994,-1.0424607915575734,0.7469594425460245,900015,3,Top,11,2,R,2,5.0,R,L,"Demonstration, Synthetic"
SL,2024-07-01,85.97453025852728,2581.247194922028,6.331602853407728,0.4906063676871586,0.1912026701809227,900015,3,Top,11,3,R,2,5.0,R,R,"Demonstration, Synthetic"
SL,2024-07-01,85.7782646745153,2583.668427385911,6.327970735226738,0.5426482800723988,0.2327836938877877,900015,3,Top,11,4,R,2,5.0,R,L,"Demonstration, Synthetic"
CH,2024-07-01,87.62005014584807,1816.7665969646516,6.330073259133038,-0.848463198580957,0.7061184446895062,900015,3,Top,12,1,R,2,5.0,R,L,"Demonstration, Synthetic"
SL,2024-07-01,85.4226225890993,2630.1762222886528,6.432044668457416,0.34944949364461436,0.18142813163257787,900015,4,Top,12,2,R,2,5.0,R,L,"Demonstration, Synthetic"
FF,2024-07-01,95.89965664126858,2537.8180748662303,6.352218294351047,-0.37222449522379153,1.2049166189072247,900015,4,Top,12,3,R,2,5.0,R,L,"Demonstration, Synthetic"
SL,2024-07-01,85.30664848284881,2587.0715695667313,6.351951445589027,0.443849597345239,0.18985387172077525,900015,4,Top,12,4,R,2,5.0,R,R,"Demonstration, Synthetic"
SL,2024-07-01,85.33658602611081,2562.2732614788956,6.323594114957774,0.33685215873098573,0.2277610047709762,900015,4,Top,13,1,R,2,5.0,R,R,"Demonstration, Synthetic"
CH,2024-07-01,87.72771267388669,1895.8367211880554,6.369492218001133,-0.8496956237356494,0.647466320997484,900015,4,Top,13,2,R,2,5.0,R,R,"Demonstration, Synthetic"
FF,2024-07-01,95.37341635544,2460.7135359958884,6.249913660794483,-0.49257742524564707,1.2868305840955006,900015,4,Top,13,3,R,2,5.0,R,L,"Demonstration, Synthetic"
SL,2024-07-01,85.26864364117979,2581.7246567186126,6.441201768963462,0.5098381048985422,0.2208713088187834,900015,4,Top,13,4,R,2,5.0,R,L,"Demonstration, Synthetic"
FF,2024-07-01,96.0305316783607,2376.6414195938964,6.355236910044664,-0.3378700096109365,1.417499576368691,900015,4,Top,14,1,R,2,5.0,R,L,"Demonstration, Synthetic"
SL,2024-07-01,85.56329431578409,2598.8578355654417,6.23109400193599,0.3605768174289564,0.1466404678656459,900015,4,Top,14,2,R,2,5.0,R,R,"Demonstration, Synthetic"
CH,2024-07-01,87.34932250600124,1748.5088555106834,6.488987992542603,-0.8219032605719285,0.45602879374477145,900015,4,Top,14,3,R,2,5.0,R,R,"Demonstration, Synthetic"
CH,2024-07-01,87.54071080581019,1941.1212657961596,6.277536325075121,-0.8072316016674632,0.5564697488464513,900015,4,Top,14,4,R,2,5.0,R,L,"Demonstration, Synthetic"
FF,2024-07-01,96.0375929002829,2331.7720592995947,6.333288036592326,-0.46964643765370234,1.2441534072981542,900015,4,Top,15,1,R,2,5.0,R,R,"Demonstration, Synthetic"
FF,2024-07-01,96.04589898018587,2541.5816269278275,6.353764417672282,-0.4353113602127159,1.2560586231391229,900015,4,Top,15,2,R,2,5.0,R,L,"Demonstration, Synthetic"
SL,2024-07-01,85.8589913037145,2599.628188288823,6.3865951212898455,0.5803623974171952,0.2666914017617423,900015,4,Top,15,3,R,2,5.0,R,R,"Demonstration, Synthetic"
SL,2024-07-01,86.66562806798665,2675.596240254514,6.467673956200424,0.41968395697730604,0.29331416703227053,900015,4,Top,15,4,R,2,5.0,R,L,"Demonstration, Synthetic"
CH,2024-07-01,88.2341439926793,1850.174903716955,6.4216164663108986,-0.7955006220852304,0.699005434004873,900015,5,Top,16,1,R,2,5.0,R,R,"Demonstration, Synthetic"
FF,2024-07-01,96.40742760423569,2345.531958939546,6.343867766412255,-0.4404565501167545,1.26744856720454,900015,5,Top,16,2,R,2,5.0,R,L,"Demonstration, Synthetic"
SL,2024-07-01,85.65316153335915,2548.838769038296,6.384800430224272,0.470366303119049,0.2244472759820262,900015,5,Top,16,3,R,2,5.0,R,R,"Demonstration, Synthetic"
SL,2024-07-01,86.40942714710015,2499.5230262600417,6.457214605351297,0.40952359158078633,0.2505705840257872,900015,5,Top,16,4,R,2,5.0,R,L,"Demonstration, Synthetic"
FF,2024-07-01,96.33647267622317,2364.714663814217,6.417259629353917,-0.5082028800973213,1.2811110369905516,900015,5,Top,17,1,R,2,5.0,R,R,"Demonstration, Synthetic"
FF,2024-07-01,95.85079066836808,2410.2868593128233,6.378774444147529,-0.4341212743385829,1.2589581695730494,900015,5,Top,17,2,R,2,5.0,R,R,"Demonstration, Synthetic"
SL,2024-07-01,85.60082449776566,2523.5127596511593,6.410300769166975,0.36592305635076317,0.2656783946474554,900015,5,Top,17,3,R,2,5.0,R,R,"Demonstration, Synthetic"
FF,2024-07-01,96.36408478999698,2322.812305026612,6.386655281420589,-0.5603374289437373,1.3340403677446966,900015,5,Top,17,4,R,2,5.0,R,L,"Demonstration, Synthetic"
SL,2024-07-01,85.58644832045923,2639.334950456029,6.296996578514964,0.44766946336431035,0.2145631895653393,900015,5,Top,18,1,R,2,5.0,R,L,"Demonstration, Synthetic"
SI,2024-07-01,94.12404079392606,2160.585674459806,6.208177426071668,-0.9830750003878844,0.7341727224207303,900015,5,Top,18,2,R,2,5.0,R,L,"Demonstration, Synthetic"
SI,2024-07-01,94.5672014098382,2284.0965086818974,6.3115363582235675,-0.9791142368263777,0.7510754770684392,900015,5,Top,18,3,R,2,5.0,R,L,"Demonstration, Synthetic"
FF,2024-07-01,95.75218183308543,2458.035896231864,6.297064361575212,-0.4840660226399909,1.28427475114431,900015,5,Top,18,4,R,2,5.0,R,L,"Demonstration, Synthetic"
CH,2024-07-01,86.84425777001918,1770.4075069137873,6.488832508888922,-0.8304300149777867,0.6580476179892688,900015,5,Top,19,1,R,3,5.0,R,L,"Demonstration, Synthetic"
SL,2024-07-01,85.50414496365347,2584.165728593653,6.478874701357458,0.5377882046410044,0.26330431916185476,900015,5,Top,19,2,R,3,5.0,R,L,"Demonstration, Synthetic"
SL,2024-07-01,86.09341825891106,2523.7842525588053,6.4555376348887,0.4554535700980551,0.22831517386861078,900015,5,Top,19,3,R,3,5.0,R,L,"Demonstration, Synthetic"
SL,2024-07-01,85.6801275735591,2520.9927198437776,6.253475951425888,0.40491514671652157,0.20332574524874383,900015,6,Top,19,4,R,3,5.0,R,L,"Demonstration, Synthetic"
SI,2024-07-01,94.73480018676436,2218.932998519072,6.329183402418924,-1.0484531152225671,0.7014095355004022,900015,6,Top,20,1,R,3,5.0,R,L,"Demonstration, Synthetic"
CH,2024-07-01,87.71625564881884,1796.0355861566086,6.28507496457677,-0.7968152837568458,0.5288627308956618,900015,6,Top,20,2,R,3,5.0,R,R,"Demonstration, Synthetic"
SI,2024-07-01,92.90195059986827,2184.905887993946,6.4409423887201,-1.0212882322078203,0.771901054559191,900015,6,Top,20,3,R,3,5.0,R,L,"Demonstration, Synthetic"
SI,2024-07-01,93.22441463714313,2164.9761545980127,6.292734557613713,-0.9859977185069382,0.6992242784867505,900015,6,Top,20,4,R,3,5.0,R,R,"Demonstration, Synthetic"
FF,2024-07-01,95.58812983023051,2254.485120774022,6.296322296877364,-0.48966861816997004,1.2314694066717442,900015,6,Top,21,1,R,3,5.0,R,R,"Demonstration, Synthetic"
FF,2024-07-01,94.70625456566677,2340.0328719232252,6.270336451039901,-0.5791987312221845,1.1712097324132464,900015,6,Top,21,2,R,3,5.0,R,L,"Demonstration, Synthetic"
SL,2024-07-01,85.00122914582181,2614.924115243002,6.302666212560097,0.3668923360705946,0.12345136698918395,900015,6,Top,21,3,R,3,5.0,R,L,"Demonstration, Synthetic"
FF,2024-07-01,95.3220178388372,2437.8195565412607,6.178215419057613,-0.4345558854103837,1.2493129181462528,900015,6,Top,21,4,R,3,5.0,R,R,"Demonstration, Synthetic"
SL,2024-07-01,83.81136447575348,2558.234193813781,6.3929463216456535,0.45719940992850533,0.15394261274780954,900015,6,Top,22,1,R,3,5.0,R,R,"Demonstration, Synthetic"
CH,2024-07-01,87.03706488506224,1791.5251875449044,6.3404544378121805,-0.824469414290972,0.468019918834564,900015,6,Top,22,2,R,3,5.0,R,L,"Demonstration, Synthetic"
FF,2024-07-01,95.10828667150976,2381.172708365163,6.241593063932306,-0.4642291903588131,1.27830291618337,900015,6,Top,22,3,R,3,5.0,R,R,"Demonstration, Synthetic"
FF,2024-07-01,95.14453073815544,2404.5714380399336,6.336233066147992,-0.4106370985814982,1.1617224810867266,900015,6,Top,22,4,R,3,5.0,R,L,"Demonstration, Synthetic"
SL,2024-07-01,85.15420922034798,2628.9218191859663,6.104777625848821,0.3424300638974855,0.31294201653041126,900015,6,Top,23,1,R,3,5.0,R,R,"Demonstration, Synthetic"
FF,2024-07-01,94.12946201333516,2362.0019699138215,6.303512460407082,-0.45486793857554075,1.3472988309990366,900015,6,Top,23,2,R,3,5.0,R,L,"Demonstration, Synthetic"
SL,2024-07-01,84.95476826569194,2567.4168319958944,6.299159312405438,0.4112528573272088,0.21176228798554605,900015,7,Top,23,3,R,3,5.0,R,R,"Demonstration, Synthetic"
SI,2024-07-01,93.88511330984406,2278.2635133014646,6.332228190201502,-0.945248797519929,0.6850668045992017,900015,7,Top,23,4,R,3,5.0,R,L,"Demonstration, Synthetic"
SI,2024-07-01,93.68426204843865,2164.0197179002967,6.290004495288951,-0.9562376053574482,0.6868001113811176,900015,7,Top,24,1,R,3,5.0,R,L,"Demonstration, Synthetic"
SI,2024-07-01,93.33630538984795,2240.6276137420814,6.334565866592397,-1.0610102679143094,0.7314517358616125,900015,7,Top,24,2,R,3,5.0,R,R,"Demonstration, Synthetic"
SI,2024-07-01,92.6404709054497,2085.5814818951535,6.240766536167245,-1.003514342443422,0.6746558169220316,900015,7,Top,24,3,R,3,5.0,R,R,"Demonstration, Synthetic"
FF,2024-07-01,94.67053163401263,2373.7262043783544,6.211367479735501,-0.2931915375159183,1.237011270600164,900015,7,Top,24,4,R,3,5.0,R,L,"Demonstration, Synthetic"
FF,2024-07-01,93.88341984599435,2507.8793788204634,6.361806437175864,-0.4543890989831073,1.159934171530202,900015,7,Top,25,1,R,3,5.0,R,L,"Demonstration, Synthetic"
FF,2024-07-01,94.76297558609191,2337.1876972944247,6.289457083104684,-0.28545555625887997,1.1364554504240065,900015,7,Top,25,2,R,3,5.0,R,R,"Demonstration, Synthetic"
CH,2024-07-01,88.08694507942603,1785.7632497007428,6.368095269391513,-0.8095674364447547,0.4831691156137743,900015,7,Top,25,3,R,3,5.0,R,L,"Demonstration, Synthetic"
FF,2024-07-01,94.11289567454696,2308.0772522773505,6.253580146828484,-0.38148679278459413,1.1364883215579615,900015,7,Top,25,4,R,3,5.0,R,L,"Demonstration, Synthetic"
FF,2024-07-01,93.90642196067654,2285.10333763626,6.2089615403175,-0.41378509159761817,1.2477528041435506,900015,7,Top,26,1,R,3,5.0,R,R,"Demonstration, Synthetic"
FF,2024-07-01,94.47306511091588,2377.8944822944254,6.241004078227391,-0.45570981372827385,1.1849744712978212,900015,7,Top,26,2,R,3,5.0,R,R,"Demonstration, Synthetic"
FF,2024-07-01,93.55459019642811,2472.7915516949847,6.328505525342804,-0.4543757061475052,1.2478655402611483,900015,7,Top,26,3,R,3,5.0,R,L,"Demonstration, Synthetic"
FF,2024-07-01,94.73287572349417,2431.8502655493057,6.168559153237696,-0.4430043831429288,1.313019747154407,900015,7,Top,26,4,R,3,5.0,R,R,"Demonstration, Synthetic"
SL,2024-07-01,84.98629008998839,2691.645286217366,6.228468764060959,0.4402225711776404,0.350308956322929,900015,7,Top,27,1,R,3,5.0,R,L,"Demonstration, Synthetic"
